location,source,target,ID,fuzzy,context,translator_comments,developer_comments
"""""",narrator_674fd925,你已经看过这个场景了，你想跳过它吗？？,,,,,
"A """"",A_3bcc08ba,祝贺你，你做到了。,,,,,
"S """"",S_7cceabbd,我怎么听起来这话怎么这么酸呢？,,,,,
"S """"",S_354f57ad,你难道还不能接受，我打败你这个事实吗？,,,,,
"A """"",A_69a782ce,你爱怎么想，就怎么想吧！…,,,,,
"S """"",S_2a2c2675,那接下来呢？ 是不是就意味着，这项愚蠢的训练终于结束了吗？,,,,,
"A """"",A_8c3f52dc,当然，你终于可以进入下一个阶段了…,,,,,
"S """"",S_b04f4595,希望，下一个阶段不会很难。,,,,,
"A """"",A_a250c876,做好准备，不然你是无法通过下一个考验的。,,,,,
"S """"",S_c8429101,该死的，你应该知道，照这样下去，我很快就会变得失去自我了。,,,,,
"A """"",A_fdc29756,这正是我最终的训练目的。,,,,,
"S """"",S_76e9f2a0,我在想，我会不会长出你这样的胳膊？,,,,,
"A """"",A_d18dd633,不一定，每个人都不一样。也许不会，也许更糟。,,,,,
"S """"",S_cebecdc1,说实话，我很惊讶你没有为我满足了你所有变态的要求而感到高兴，我还以为你会像往常那样，脸上露出白痴一样的笑容…,,,,,
"A """"",A_0ae830a2,知道吗？我一直都很绅士，我一直都没有涉及到你下半身那个隐私部位。,,,,,
"S """"",S_cfa097d8,我不想跟你谈那个。,,,,,
"A """"",A_b599a574,有句话，我一直想说，你让我想起来了，我的妻子…你们有一样的漂亮金发,,,,,
"S """"",S_588b2f14,想她也没用，这就是残酷的战争…你选择这条路就永远见不到她了,,,,,
"A """"",A_d7c6255e,我知道我再也见不到她，不过，现在你来了，我有时看着你，就像看到了她。,,,,,
"S """"",S_2fc1a4bf,就因为，我跟她一样也有头漂亮的金发吗？,,,,,
"A """"",A_9b1251c1,……,,,,,
"S """"",S_98f50ffb,多么拙劣的漂亮技巧，说实话，你对我的第一印象相当糟糕，不过，毕竟我们在一起经历了一些事情。,,,,,
"A """"",A_2eff8010,这足以让你重新审视我吗？,,,,,
"S """"",S_efe8ecd4,知道吗？你让我最反感的原因，就是你满脑子，都是那种龌龊的想法。,,,,,
"A """"",A_22fcadff,我有个想法，我想和你做点事，就像和我妻子一样。我只需要几个小时…,,,,,
"S """"",S_7eebda66,你太老了，你以前根本不再我考虑的人之列…,,,,,
"A """"",A_f3ca6ad5,那现在呢？毕竟我是你的训练老师，如果我要将这个要求当成一次训练呢？…,,,,,
"S """"",S_738378a3,你真不要脸，你甚至都不懂哄女孩子开心…,,,,,
"A """"",A_20b89218,我还以为你跟那些庸俗的女人不一样…,,,,,
"S """"",S_492df74c,想想你在地球上，你想泡一个妞，至少需要跟她约会，送她东西，增加好感，等等……最后才能上床。,,,,,
"A """"",A_e7bf850b,也许你是对的，如果我要求一个女孩跟我做爱，首先需要得到她的心。最低限度，至少不让她反感才对,,,,,
"S """"",S_c7eb3e26,没错，就是这样，感觉你能理解我…,,,,,
"A """"",A_f811edbb,好吧！这一阶段的测试结束了。,,,,,
"A """"",A_5857cc06,,,,,,
"S """"",S_ac19c2c2,我只希望你能遵守承诺。,,,,,
"A """"",A_9b1251c1_1,……,,,,,
"C """"",C_e7c7a9df,（……）,,,,,
"S """"",S_68c082b8,怎么呢???,,,,,
"S """"",S_e6a86f17,我的拒绝，让你很伤心吗？！,,,,,
"A """"",A_9b1251c1_2,……,,,,,
"C """"",C_e7c7a9df_1,（……）,,,,,
"S """"",S_279c6761,塞蒙，去你妈的...,,,,,
"S """"",S_75edebf6,别想控制我？你这个肮脏的小混蛋…,,,,,
"C """"",C_31c327a0,（但是他真的很真诚？）,,,,,
"S """"",S_7e8084e9,这摆明是个陷阱，休想说服我…,,,,,
"C """"",C_fbccba58,（在这里只有他是唯一的人类，为什么你们就不能留下一些美好回忆呢？）,,,,,
"S """"",S_27a0cb51,但是，我根本不爱他？而且他给我安排了那么多变态的任务,,,,,
"C """"",C_45a2aa4d,(也许吧？),,,,,
"S """"",S_cf4923d6,你根本就不懂人类与人类之间的感情…,,,,,
"C """"",C_b9d9a83e,（你骗不了自己。）,,,,,
"S """"",S_97255886,我骗不了自己什么？我根本就不懂你这句话到底是什么意思？…,,,,,
"C """"",C_48092949,（至少他对你还是有吸引力的对吧！）,,,,,
"S """"",S_e0a7cee3,（我不否则这个，但都只是为了完成那些该死的任务？）,,,,,
"C """"",C_0aba0274,（是吗？我确定不懂你们人与人之间的感觉，但是就在斯托克夫求你的时候，你心跳得很快。）,,,,,
"S """"",S_be7435c0,（我只是在听说他怀念妻子的时候，有一丢丢的惋惜之情…）,,,,,
"C """"",C_e2899298,（这就是够了，莎拉，我觉得在你潜意识里已经不像过去那样鄙视斯托克夫了，毕竟，你们一起做了经历了这么多。恐怕在你这里，没有任何异性能比得上他了吧！）,,,,,
"S """"",S_b82ae6f2,（你是想说服我接受他吗？）,,,,,
"C """"",C_7f28b307,（我只是在告诉你，你内心深处的声音。）,,,,,
"S """"",S_d3f61148,（但是，如果这样做的话，我岂不是就成了一个廉价的妓女了？）,,,,,
"C """"",C_cd87eecd,（我相信你只要稍微发挥一下自己的魅力，他就会把你当成一个非常亲密的朋友…）,,,,,
"S """"",S_cf508cc5,好吧！等他下次找我的时候，我再考虑一下…,,,,,
"C """"",C_1585a1ef,（如果，你自己做不到，我可以控制你的身体。）,,,,,
"S """"",S_f9b86f43,不要！你给我滚开…,,,,,
"A """"",A_305dfb12,女主人派我来告诉你，她想跟你谈谈。,,,,,
"S """"",S_cb527c2b,好吧！我准备好了，我这就去见她。,,,,,
"C """"",C_d2ac9e64,（莎拉，上次的提议，你考虑得怎么样了）,,,,,
"S """"",S_a2da322a,（现在，别打扰我。）,,,,,
"S """"",S_24775704,顺便问一下，你后面那个盒子是干什么的？,,,,,
"A """"",A_a61e0310,你是问这个吗？…,,,,,
"S """"",S_0eb86fe5,我想知道里面有什么？,,,,,
"A """"",A_9ac602d3,…我想你不会感兴趣的。,,,,,
"S """"",S_465e791a,是给我的吗？ 你为什么不把它拿给我呢？,,,,,
"A """"",A_15861d22,好吧！既然你想要就拿去吧！…,,,,,
"S """"",S_47c44b59,哇，好像是睡袍，这是干嘛的？,,,,,
"A """"",A_43df73d2,我就知道你不会喜欢这个的…,,,,,
"S """"",S_dc5006d4,我猜这个一定是你私人为我定制的对吗？,,,,,
"A """"",A_d3f35649,回来再聊吧！我们该走了，女王陛下还等着我们了…,,,,,
"S """"",S_e34427e4,斯托克夫，如果我答应了你的请求，你会不会高兴得跳起来？,,,,,
"A """"",A_bcda2ba5,当然会，等等你是什么意思，你同意了吗？…,,,,,
"S """"",S_6740122b,我只是觉得有时候你也挺不容易的，毕竟这里只有我们两个人类。,,,,,
"A """"",A_07d7e18e,…什么，你该不会是认真的吧？,,,,,
"S """"",S_adece98c,在我还没有反悔之前，你趁早做决定吧！…,,,,,
"A """"",A_083aa658,你真的同意以我妻子的身份陪我度过一个晚上吗？一定是塞蒙，我真是爱死它了。,,,,,
"C """"",C_b89958ca,（是我，老哥，你以后有机会再报答我吧！）,,,,,
"S """"",S_407e3008,你没有听错，而且没有任何阴谋在里面，我同意扮演你妻子一次。,,,,,
"A """"",A_38fb79ec,天呀！今天是我的幸运日吗？,,,,,
"S """"",S_d1df4ac4,那我现在是不是要穿上你给我订做的衣服呢？,,,,,
"A """"",A_d79ac92e,不，请不要再诱惑我了，他很快就要和他金发妻子重逢了！,,,,,
"A """"",A_ef68d8d9,我的鸡巴只属于我的妻子，你的诱惑对我不起作用，你这个荡妇！,,,,,
"S """"",S_2dab547e,你疯了吗？得了便宜好卖乖的家伙…,,,,,
"A """"",A_ef4416e3,不，我想你误会了，我的意思是说，今天你是我的妻子，我的鸡巴只属于你一个人。,,,,,
"S """"",S_ae28d960,很好，我知道了…,,,,,
"A """"",A_bccd8559,只是不要提前给我看这个。在我们角色扮演之前再做那件事。,,,,,
"S """"",S_3bf21831,嗯，我答应你…,,,,,
"A """"",A_a1b34056,还有一件事:当你脱下睡袍时: 要说 ‘基蒂想要她的香肠了’ 。,,,,,
"S """"",S_bc9cb28e,为什么要这么说？,,,,,
"A """"",A_133a1209,你不是要角色扮演吗？,,,,,
"S """"",S_8a1b285b,好吧！我知道了...,,,,,
"S """"",S_c46ef6a7,(真是鳄鱼的眼泪，我已经后悔自己同情他了...),,,,,
"A """"",A_1fb22c2c,好了，如果你没有其他问题，我现在立刻带你求产卵室...，我已经跟女王请好假了，我在门口等你，当你沐浴更衣完成后，就出来找我吧！,,,,,
"S """"",S_20243b3f,嗯，这就办...,,,,,
"A """"",A_7ec61cc9,希望他能快点？我都要等不及要脱下她的浴袍...,,,,,
"A """"",A_9b1251c1_3,……,,,,,
"A """"",A_27a99a93,说实话，她比我老婆更漂亮，当我第一次见到她的时候，甚至就已经为之倾倒...,,,,,
"A """"",A_7ade7e4f,说实话，她比我老婆更漂亮，当我第一次见到她的时候，甚至就已经为之倾倒...,,,,,
"A """"",A_9b1251c1_4,……,,,,,
"A """"",A_ddae202f,这里人太多了，我要把她弄到房间里面去。,,,,,
"A """"",A_b57e392c,...怎么还不出来，我都开始后悔，让她洗澡了...,,,,,
"A """"",A_9b1251c1_5,……,,,,,
"A """"",A_887b949f,抱歉打扰了，我知道我不该进来的...,,,,,
"Aside5 """"",Aside5_2d113d06,但是，我实在已经等不及了？,,,,,
"S """"",S_d4fcf17e,我差不多已经洗好了，转过身去，我要换衣服了。,,,,,
"Aside2 """"",Aside2_90095dcd,当然，我会遵守规则的...,,,,,
"S """"",S_65b7afa3,嗯，请给我几分钟时间。,,,,,
"Aside1 """"",Aside1_0c7ddaeb,听你的。,,,,,
"C """"",C_9588af01,(我不懂，女人就真的这么有吸引力吗？...),,,,,
"C """"",C_e7c7a9df_2,（……）,,,,,
"S """"",S_8a4e3d63,……,,,,,
"Aside8 """"",Aside8_98b13fdf,完了吗？,,,,,
"S """"",S_8a4e3d63_1,……,,,,,
"C """"",C_e7c7a9df_3,（……）,,,,,
"Aside8 """"",Aside8_35ad411a,怎么这么久？,,,,,
"C """"",C_e7c7a9df_4,（……）,,,,,
"S """"",S_8a4e3d63_2,……,,,,,
"Aside6 """"",Aside6_268d092a,我都又有点等不及了？,,,,,
"S """"",S_8a4e3d63_3,……,,,,,
"C """"",C_e7c7a9df_5,（……）,,,,,
"Aside8 """"",Aside8_bee1237d,塞蒙，为什么连你也不说话呢？,,,,,
"C """"",C_e7c7a9df_6,（……）,,,,,
"S """"",S_8a4e3d63_4,……,,,,,
"Aside5 """"",Aside5_01ad7a13,喂，你们还在吗？...,,,,,
"C """"",C_27b54012,(我跟莎拉只是在谈论怎么穿你送的衣服而已),,,,,
"S """"",S_cbf5f413,如果，你等不及的话，你现在就可以来看。,,,,,
"Aside8 """"",Aside8_0a7d8c26,哇，你真漂亮，按照约定，你是不是应该脱下这件衣服了。,,,,,
"S """"",S_4ebd98e5,你确定就是现在吗？...,,,,,
"Aside11 """"",Aside11_61e59ca2,当然，就是此刻这个气氛。你可以说台词了,,,,,
"S """"",S_685bfede,嗯哼...如你所愿,,,,,
"S """"",S_70278b15,基蒂想要她的香肠了...,,,,,
"Aside11 """"",Aside11_ef59ee6d,太可爱了，就是这样，现在把你的浴袍也脱了...,,,,,
"S """"",S_a856e1ce,等等，你不是说这件浴袍，让你想起了你妻子吗？...,,,,,
"Aside8 """"",Aside8_326eab93,我妻子从来不会说这样的废话，她经常光着身子在屋子里走来走去。,,,,,
"S """"",S_0d6774e4,我 ...,,,,,
"Aside11 """"",Aside11_e181677f,来吧！露出你可爱的屁股来。,,,,,
"S """"",S_553ce98f,但是...就在这里吗？...,,,,,
"Aside10 """"",Aside10_76309e99,没事就在这，靠在墙上或躺在地板上，靠着那个浴缸上也行。,,,,,
"S """"",S_e16f6e75,你是说像这样？,,,,,
"Aside11 """"",Aside11_fbca0706,是的，你只要跪下，靠在它上面就行了。,,,,,
"S """"",S_25bdc615,这太突然了。你真的想在这里做吗？,,,,,
"A """"",A_9a6d8fc9,为什么等？我会罩着你的。放轻松，融入角色。你已经是我妻子了。,,,,,
"S """"",S_f115028f,好吧！让我进入状态...,,,,,
"A """"",A_5de33581,哇，多棒的屁股。让我射到里面吧！,,,,,
"S """"",S_01819947,真是个让人难忘的晚上...,,,,,
"S """"",S_dd0d58d5,啊……,,,,,
"A """"",A_d65e8288,来吧。作为别人的妻子应该随时准备做爱。而且，如果性爱来得很突然，这会更有趣的。,,,,,
"S """"",S_a3b6a57a,(他是如此接近......我从来没觉得他离我的阴部这么近...),,,,,
"A """"",A_8c0d9136,我能感觉到你下面已经完全湿润了。你感觉到我的鸡巴在兴奋地跳动吗？,,,,,
"S """"",S_75b04057,是的，我很高兴我丈夫的鸡巴在我两腿之间。,,,,,
"S """"",S_fdedf199,(我是喜欢这样的感觉...但一想到是他的鸡巴，我就恶心...),,,,,
"A """"",A_efe4eb82,亲爱的，你想让我进入你的身体？,,,,,
"S """"",S_dc0e7364,嗯...是的，来吧！...,,,,,
"S """"",S_79244109,(我现在只能硬着头皮做下去了...),,,,,
"A """"",A_baff86e0,嗯额...,,,,,
"A """"",A_3e2bbba8,,,,,,
"S """"",S_cdad2b95,嘿！我知道你是个变态，但你要控制自己。,,,,,
"A """"",A_aae76d65,我不记得，我是个妻管严。,,,,,
"S """"",S_24cd0df1,我们达成了一个共同的协议，不仅仅是我让你满意，你也必须尊重我...,,,,,
"A """"",A_86ac0e31,抱歉，我会尊重你的，因为你是我最爱的妻子，刚才，我只是在想怎么把鸡巴放进去。所以请不要破坏沉浸感,,,,,
"A """"",A_6b44e502,你的身材真好，是你经常做运动的原因吧！还是因为你想让我把你吃掉...,,,,,
"S """"",S_abe6c194,你应该学会尊重你的妻子。,,,,,
"A """"",A_416894cd,是的，我相当尊重你。,,,,,
"S """"",S_c9ac8874,你就没有什么想对你妻子说的吗？...,,,,,
"A """"",A_8c0805be,你忘了，我们已经结婚十几年了，早已经是老夫老妻了。现在让我看看你的屁股。,,,,,
"S """"",S_973a72e2,我不敢你跟你以前的妻子怎么样，但是你必须要尊重我...现在请你把肉棒温柔地放在我的阴唇上来...,,,,,
"S """"",S_4644b7ab,(啊...我为什么要这么说...),,,,,
"A """"",A_f302cb59,嗯。,,,,,
"S """"",S_46bb82f4,真是浪费，你为什么要撕掉它们？...,,,,,
"A """"",A_92ca4626,记住你的角色，你是我的温柔的妻子。,,,,,
"A """"",A_4d4d10e7,而且，我完全有钱帮你买更多。,,,,,
"S """"",S_d4b2888f,你真不是个顾家的男人。,,,,,
"A """"",A_e39eaae0,当我让你达到高潮的时候，你就不会这么说了。,,,,,
"S """"",S_d41105c6,(现在已经没有什么能把我的小穴和他的鸡巴分开...他马上就要刺到里面去...),,,,,
"A """"",A_19c11146,如果我原来的妻子有你一半火辣，我TM才不会去参军。,,,,,
"S """"",S_4c233621,(他是如此的花心...现在这样的男人，马上就要操我了...),,,,,
"A """"",A_72830181,我要来了，亲爱的。,,,,,
"S """"",S_7ae77886,(他终于实现他的愿望),,,,,
"S """"",S_1803f2b4,啊啊！...,,,,,
"A """"",A_1f595494,你感觉到了吗？我这里唯一能进入你里面的人。,,,,,
"A """"",A_f4cb0410,先让我帮你润滑一下，准备享受吧！,,,,,
"S """"",S_c3b3a49d,(我不敢相信他的鸡巴离我的阴蒂这么近...他是个多么丑陋的男人...),,,,,
"S """"",S_f6ed228c,来吧！老公，你现在可以动了...,,,,,
"S """"",S_7e33d657,(他的鸡巴如此大，会疼吗？...),,,,,
"A """"",A_22d75ed7,不要紧张，放松点，你不会有事的。,,,,,
"S """"",S_81699504,(他马上就要塞进来了...我想我已经准备好了...),,,,,
"A """"",A_0e07572a,如果你觉得不舒服的话，我们可以先来来前戏...,,,,,
"S """"",S_2cf9f110,来吧！你可以开始了...,,,,,
"S """"",S_35f3a671,(我的内心，竟然在狂喜...),,,,,
"S """"",S_ef26437d,啊！ 你太大了...别这么粗鲁...我不能让它全部进来...,,,,,
"S """"",S_dbec8555,(他会把我插死的...),,,,,
"A """"",A_0f051504,没事的，你的小阴道很有弹性。,,,,,
"S """"",S_9cbbe834,啊！ 停下！ 它太大了！,,,,,
"S """"",S_57898140,(他会越来越用力地操我，他会操死我的......我知道他不会在停下了......),,,,,
"A """"",A_6ce2597f,该死的，你也动呀！别像一个木头人一样！,,,,,
"A """"",A_d98c2ed0,好吧！让我把你弄湿一点。 ,,,,,
"S """"",S_50e8e7db,(我要冷静一下...),,,,,
"A """"",A_fc36ebb9,你感觉好点了吗，亲爱的？,,,,,
"S """"",S_a5af5475,好多了...我想下面已经足够湿了...,,,,,
"S """"",S_04c19b67,(下面足够润滑，这样他插入进去就不会疼了...),,,,,
"S """"",S_447fd41a,哦...它是如此的柔软和温暖...,,,,,
"S """"",S_baedace5,等一等！ 先不要急！ 我没有多少经验...,,,,,
"A """"",A_41eced13,我不喜欢做爱的时候断断续续的...这会让我阳痿的...,,,,,
"S """"",S_ba5b1bb7,哎呦...哎哟...疼呀！ 我觉得我小穴根本不能容纳你的大鸡巴...,,,,,
"A """"",A_32a31f50,它可以的...只是需要更多的时间,,,,,
"S """"",S_3de78d4c,啊啊！！！ 等一等！ 你顶到我的肚子了！,,,,,
"A """"",A_a87300dc,后悔已经太久了，今晚你已经是我的人了！,,,,,
"A """"",A_d9dd7777,你的小穴没有开发过几次吗？它太紧了。,,,,,
"S """"",S_cc68974e,嗯...我以前的事你能别问吗？这让我有种犯罪感...,,,,,
"S """"",S_7506bc40,嘿，你在干什么？ 我不是告诉过你...,,,,,
"A """"",A_9f7dbf81,别担心，马上就进去了...,,,,,
"A """"",A_eabb0073,马上...就差一点点了...,,,,,
"S """"",S_7e0f9d69,(我的阴道，正在被他肉棒撑大...),,,,,
"A """"",A_9aa1a456,我要让你尝尝做真正女人的滋味...,,,,,
"S """"",S_5fecffea,真正的女人？ 这样真的可以做真正女人吗？,,,,,
"A """"",A_10b0d86c,你以前的性爱太糟糕了，真不知道是哪个短小的孙子破了你的处。,,,,,
"S """"",S_13ba08cd,等一等？！ 难道你要走后门？...,,,,,
"S """"",S_c4bf2511,"啊啊！！！ 住手,我一定会死掉的！",,,,,
"A """"",A_ff9001c2,别紧张，你马上就会有更好的体验的。,,,,,
"A """"",A_a30eb555,你只需要再吃一点点苦。,,,,,
"S """"",S_13945f70,但是，我怕...,,,,,
"S """"",S_f9ba3e51,哇啊啊！！！,,,,,
"A """"",A_f664cb3d,你看，这不是全部进去了吗？！,,,,,
"S """"",S_f617a750,(我的肛门好疼！我不应该让他进去的...),,,,,
"S """"",S_8a7764a7,这样可以了吧？你已经操到我了，让我们结束这场闹剧吧！...,,,,,
"A """"",A_4eee9bed,你在开玩笑吗？这才刚刚开始，做一个听话的妻子，不要反抗。,,,,,
"S """"",S_12059168,啊...这次就到这里吧！我答应你，我们下次继续...,,,,,
"A """"",A_fd462b6a,不，我不同意。,,,,,
"S """"",S_cdfa13f5,别忘了，夫妻之间，是要互相尊重的...,,,,,
"A """"",A_41a578fe,你才是强词夺理的那个人，我原来的妻子很喜欢让我走后门。,,,,,
"S """"",S_00197fa4,什么？ 这可怕了...,,,,,
"S """"",S_ddd8cd60,"不要, 求你别再继续了！...",,,,,
"A """"",A_87d01227,让我们一次把它做完！,,,,,
"S """"",S_b62e702f,"不行的,这太疼了！",,,,,
"A """"",A_0f9f761c,你要出尔反尔吗？！,,,,,
"S """"",S_587de0a1,-不不不，不要！...-,,,,,
"A """"",A_97f782e2,够了，你太烦人了。如果你不能进入角色，那就到水里哭吧！我将自己做一切。至少别打扰我...,,,,,
"S """"",S_4ae9ca55,-呜呜呜呜！！！！！！！！！！-,,,,,
"A """"",A_04e63b73,亲爱的，这才像话...,,,,,
"A """"",A_f0fb6415,你看没有可怕的事情发生对吧？你的屁股还在...,,,,,
"A """"",A_dfcbc67b,我的妻子比你胖一点，我更喜欢你这种瘦的。,,,,,
"S """"",S_916fa6ba,她难道不疼吗？...,,,,,
"S """"",S_777f875e,(他的肉棒是如此粗大，这比做肛肠镜更痛苦...),,,,,
"A """"",A_26973232,她很享受，我相信你很快就会跟她一样的...,,,,,
"S """"",S_f6aba183,至少请答应我，稍微温柔一点好吗？...,,,,,
"A """"",A_b23b569a,你在开玩笑，软软弱弱的那种男人，只是一个娘炮，我最讨厌娘炮了。,,,,,
"S """"",S_faa37d8f,求你了...温柔一点...,,,,,
"S """"",S_a3684f83,啊啊啊！,,,,,
"""""",narrator_7bd18231,,,,,,
"""""",narrator_4b3de96f,,,,,,
"A """"",A_4379fff6,亲爱的，把它们全都吞下...,,,,,
"S """"",S_70ec4627,嗯，我明白了...,,,,,
"A """"",A_ce826e4a,你的屁股对我来说太紧了，我以后会多多开发的。,,,,,
"S """"",S_fbb36681,好吧...我希望你喜欢它...现在我想洗个澡，休息一下,,,,,
"A """"",A_53677f4c,我想这就够了。对于今天的事，我很抱歉，我太投入角色了。我妻子她总是不介意我操她的屁股。,,,,,
"S """"",S_aba15193,你太过分了，我感觉自己已经走不了路了...,,,,,
"A """"",A_443a5d35,那么正好，我刚操了你的屁股，我还打算至少在你体内射一次,,,,,
"S """"",S_925600c0,你疯了吗？！ 我已经受伤了...,,,,,
"S """"",S_8cda40d2,啊-啊-啊-啊！ 请不要这样！,,,,,
"A """"",A_4365f287,冷静...我们刚刚不是已经做过一次吗？...,,,,,
"S """"",S_4fa85c90,一次还不够吗？ 别像得寸进尺...,,,,,
"A """"",A_737f8a29,亲爱的，我这是在磨练你的意志。,,,,,
"S """"",S_9cfc7cf8,你在干什么？！ 别这么用力撞击它！...,,,,,
"A """"",A_e306ae57,你里面的液体太多了，我们得先做一次大扫除...,,,,,
"S """"",S_d9b7ce71,啊啊！...,,,,,
"A """"",A_4fb495bc,看吧，我就知道你可以的，我们继续吧！,,,,,
"S """"",S_8c02e15e,我很痛苦...,,,,,
"A """"",A_f2a34023,想象一下，你是我的妻子，你得满足你的丈夫。,,,,,
"S """"",S_99f40204,-啊啊...啊啊...-,,,,,
"A """"",A_7b225d29,另一次攻击要来了，准备好了吗？亲爱的！,,,,,
"S """"",S_78491820,啊...你还是这么用力...,,,,,
"A """"",A_95ee82fa,不要在意，我只是在履行夫妻义务。,,,,,
"S """"",S_303c1fad,就到这里吧！...我真的撑不下去了...,,,,,
"A """"",A_92de4b5b,你可以的的，作为你的调教导师，没有人比我了解你。,,,,,
"A """"",A_5ba4757b,好吧！看起来你真的要失去知觉了。那我们下次再继续吧。,,,,,
"S """"",S_833da3b9,感谢上帝...你终于不折磨我了...我迫切需要休息一下...,,,,,
"A """"",A_5f2b8a35,你一定会是个好妻子。,,,,,
"S """"",S_3df3fdfb,你是个多么糟糕的丈夫。,,,,,
"A """"",A_c35c578d,好吧，至少我们现在达成了共识。我...我要想个办法来感谢你的帮助。你的屁股真漂亮。,,,,,
"S """"",S_0c1906bb,你对我最大的感谢，就是让我肛门能恢复原样...,,,,,
"A """"",A_69295470,你什么时候变得这么矫情，在我印象中，你一直很要强。,,,,,
"S """"",S_a402331a,因为你是个变态...我已经不堪忍受你的折磨！,,,,,
"A """"",A_6993a557,你错了，是我一直在保护你，那些虫族的人，从你第一次来就想操你，然后再吃掉你...,,,,,
"S """"",S_5d971dc1,是吗？这么说来我还要谢谢你...,,,,,
"A """"",A_6783ab7e,我以前逼过你吗？这次也是你自己同意的，我好不容易逮到机会，你不应该让我享受一次吗？...,,,,,
"S """"",S_65225b66,啊啊！...,,,,,
"A """"",A_df0a4874,如果我们见面的地点是在人类世界该多好呀！我愿意做任何事让你成为我的妻子...所以让我再做一次，就像你是我的妻子一样,,,,,
"S """"",S_ba535869,我不会让你这么做的！,,,,,
"S """"",S_d8c42a73,嗯额...,,,,,
"A """"",A_c7b73200,小可爱，想象一下，我现在就是你最爱的丈夫。,,,,,
"S """"",S_9fd49ec2,哦啊啊...,,,,,
"A """"",A_f5a36ab5,看吧！这并不难...,,,,,
"S """"",S_a552f2c1,-啊啊...-,,,,,
"A """"",A_74d08b0b,对不起，我不想让你毁了这一刻，我亲爱的妻子。,,,,,
"S """"",S_c6ae4eb7,等一等，别拔出来！,,,,,
"A """"",A_57838485,好吧！如你所愿...,,,,,
"S """"",S_6c521fb0,如果，你稍微温柔一点的话，也不是不可以...,,,,,
"A """"",A_f30d3587,现在呢...,,,,,
"S """"",S_84a472ea,啊！ 就像这样！...,,,,,
"S """"",S_1953658b,对...,,,,,
"S """"",S_e78775b1,怎么停了？...,,,,,
"A """"",A_2497aa56,你不是不想要吗？！,,,,,
"S """"",S_2ea8cd22,等等，我改主意了...,,,,,
"A """"",A_07b3370e,好吧！让我满足你...,,,,,
"S """"",S_8cda5b18,,,,,,
"A """"",A_bfd3f0e9,啊哈！,,,,,
"S """"",S_b6ff9e57,,,,,,
"S """"",S_ae486fc3,呜呜呜...,,,,,
"A """"",A_bd27c63a,听你的叫声，没第一次那么惨烈了？,,,,,
"S """"",S_0936551c,有吗？...我感觉自己的腿已经完全走不了？,,,,,
"A """"",A_442859f6,好久没这么放松了，所以这次就让我玩大一点。,,,,,
"S """"",S_96e3c8a1,你是个混蛋，你总是善于找各种各样的借口。,,,,,
"A """"",A_b9b1a28b,"拜托, 有这样说自己老公的吗？",,,,,
"S """"",S_c9314819,这只是角色扮演，而且你总是欺负我...,,,,,
"A """"",A_af3645a9,好吧！我冲个澡就走，你也不要逗留太久了，——把你的屁股泡在游泳池里，这样你会感觉好些的。那种虫子们很快就要聚集到这里了，如果你不想让它们加入的话，就请快点。,,,,,
"S """"",S_74326aab,我真的不喜欢这样！...,,,,,
"A """"",A_997cf912,听你的叫声，没第一次那么惨烈了？,,,,,
"S """"",S_00f8674c,有吗？...我感觉自己的腿已经完全走不了？,,,,,
"A """"",A_c320c5b4,好久没这么放松了，所以这次就让我玩大一点。,,,,,
"S """"",S_c880298c,你是个混蛋，你总是善于找各种各样的借口。,,,,,
"A """"",A_19852422,"拜托, 有这样说自己老公的吗？",,,,,
"S """"",S_64a654a3,这只是角色扮演，而且你总是欺负我...,,,,,
"A """"",A_8e763982,好吧！我冲个澡就走，你也不要逗留太久了，——把你的屁股泡在游泳池里，这样你会感觉好些的。那种虫子们很快就要聚集到这里了，如果你不想让它们加入的话，就请快点。,,,,,
"S """"",S_8d38a668,我真的不喜欢这样！...,,,,,
"S """"",S_91b7381d,该死，如果我现在站着，水会直接流到我的脚上...,,,,,
"S """"",S_67614e2a,...也许，我可以用手握着它...,,,,,
"S """"",S_72e7cb6e,如果，我再耽误得久一些，领主会不会就出现了？,,,,,
"S """"",S_50b2ac9f,操...这些肮脏的想法是什么？...,,,,,
"A """"",A_9d65b9d5,你现在居然可以开始走了。,,,,,
"S """"",S_2da79b97,我本来还可以坐下来的，但是你把我的裤衩撕烂了。,,,,,
"A """"",A_c7061c08,泡了那些液体，所以，你的屁股已经痊愈了？,,,,,
"S """"",S_e68786e8,是的，我的肛门恢复了正常，但是它好像比以前宽松一些了...,,,,,
"S """"",S_7bb39b30,我的肛门很奇怪，它从来都没有这么被分开过...,,,,,
"S """"",S_211d4a02,都怪你的肉棒撑大了我的肛门，我但是它永远不会闭合了...,,,,,
"A """"",A_cf1adfd9,恭喜了，你的肛门被我开发了。,,,,,
"S """"",S_cbc5caca,嗯哼！ 我永远都不会原谅你的。,,,,,
"A """"",A_08a7abdb,别担心，可能会痊愈的，我记得我亲眼见证的一个巨大的虫族花了将近一个小时抽插一个小屁股人族护士。她花了一个星期时间一样可以走路了,,,,,
"S """"",S_f0260a1f,多么可怕的故事...,,,,,
"A """"",A_d32e0050,你甚至还不知道她的结局。,,,,,
"S """"",S_da43efca,你说过，是你罩着我对吗？,,,,,
"A """"",A_3f598838,当然，我现在在虫族还算有些威望。之前那些刺蛇，没我的命令根本不敢碰你,,,,,
"S """"",S_5edd16e0,真的吗？...,,,,,
"A """"",A_94ad8e67,,,,,,
"A """"",A_fcf7bfba,,,,,,
"A """"",A_2c2d1845,,,,,,
"A """"",A_6909ae3d,,,,,,
"A """"",A_c5744145,,,,,,
"A """"",A_f95fa094,,,,,,
"A """"",A_d74a94af,这次我离开妻子以后，这是最棒的一次性爱。 我很羞愧如此无情地利用了你，我撑大了你的肛门。 但因为你，我的内心不再感到如此空虚。我斯托克夫有恩必报，我会在恰当时候报答你的。 ,,,,,
"A """"",A_0c844fce,,,,,,
"A """"",A_82605539,,,,,,
"S """"",S_ec8e2c28,"很高兴听你这么说。好了,别再自责了，其实你这人也不算太坏。",,,,,
"A """"",A_e065d2a1,休息一下，我们还要去拜访女王陛下。,,,,,
