"location","source","target","ID","fuzzy","context","translator_comments","developer_comments"
"""""","narrator_5a5274cc","Сара направилась к кнопке вызова Стукова.","","","","",""
"""""","narrator_da8d6fc3","Через некоторое время Стуков заходит в комнату.","","","","",""
"A """"","A_f4869590","А ты быстро справилась, небось, сама хотела поскорее примерить мой подарочек?","","","","",""
"A """"","A_e8898b7b","Аха-ха-ха-ха-ха.","","","","",""
"S """"","S_014bae9d","П-прекрати...","","","","",""
"A """"","A_122c8838","Но знаешь, ты стала намного сексуальнее.","","","","",""
"S """"","S_fe799e12","!!!","","","","",""
"S """"","S_1cd23da6","Ч-что ты такое говоришь... быть такого не может...","","","","",""
"A """"","A_aa5bbfa3","Определенно это так. Твоя фигура стала сексуальней.","","","","",""
"S """"","S_8dcc2708","Ты врешь... ты специально это говоришь...","","","","",""
"S """"","S_a52129fd","Д-давай ближе к делу. Ты говорил, что я готова перейти к следующему испытанию. Выкладывай, что это за испытание.","","","","",""
"A """"","A_84f4c825","Охо-хо, вот это моя девочка, сразу к делу, как я и учил.","","","","",""
"S """"","S_260600fe","...","","","","",""
"S """"","S_26f6615f","Н-не пойми меня неправильно... я хочу поскорее закончить все это.","","","","",""
"A """"","A_954d76ec","Хорошо, но в этом испытании спешка к добру не приведет. Так что наберись терпения.","","","","",""
"S """"","S_260600fe_1","...","","","","",""
"S """"","S_6b4eeaa4","Х-хорошо...","","","","",""
"A """"","A_d553f33d","Тебе почти ничего не нужно будет делать.","","","","",""
"A """"","A_db040010","Пойдем со мной.","","","","",""
"""""","narrator_f8806100","После этих слов Стуков повел Сару к её кровати.","","","","",""
"A """"","A_5d725fbc","Встань напротив меня.","","","","",""
"S """"","S_44a67c4e","П-поняла...","","","","",""
"""""","narrator_afdb6345","Сара послушно, но неуверенно исполняет все приказы Стукова.","","","","",""
"S """"","S_692f7da8","Ч-что дальше?","","","","",""
"A """"","A_f3d0c2e6","Кхм-кхм.","","","","",""
"A """"","A_946d7550","Следующее твое испытание - это научиться заводить мужчин и быть хорошим материалом для дрочки.","","","","",""
"S """"","S_e9d77aeb","ЧТО?","","","","",""
"A """"","A_7c046553","Не переживай, конечно же, я помогу тебе с этим.","","","","",""
"S """"","S_1dab0bfd","Т-ты с ума сошел?","","","","",""
"A """"","A_415db089","Нет, я сейчас на полном серьезе.","","","","",""
"S """"","S_8c9080bd","Я не буду ничего такого делать!","","","","",""
"A """"","A_e5ba39c1","Ты должна была подумать об этом, когда разрешила мне сделать твою голограмму.","","","","",""
"S """"","S_fe799e12_1","!!!","","","","",""
"S """"","S_beb9e106","Я-я... тебе ничего не разрешала... ты не спрашивал у меня ничего такого...","","","","",""
"A """"","A_989b3027","Да? А по твоему телу это и не скажешь, оно так и хотело, чтобы кто-то хорошенько передернул на него.","","","","",""
"A """"","A_ccc0e90d","Аха-ха-ха-ха.","","","","",""
"S """"","S_0f0db9a2","П-прекрати, не говори такие вещи... это не так...","","","","",""
"A """"","A_5012ef6a","Я уверен, что ты и сейчас тоже немного завелась от всех этих разговоров.","","","","",""
"S """"","S_fe799e12_2","!!!","","","","",""
"S """"","S_0d52ff34","Н-нет...","","","","",""
"A """"","A_461f6784","*Кхм*","","","","",""
"A """"","A_e78c8f27","В общем, я тебя ни к чему не принуждаю. Ты можешь отказаться и продолжать гнить в этой камере или же согласиться и выбраться отсюда, пройдя все испытания.","","","","",""
"A """"","A_658eff8f","И поверь, деточка, если тебя отдадут в другие руки, то никто с тобой церемониться не станет.","","","","",""
"S """"","S_5c62e5d8","(Черт, это все, как я и думала, это очередные извращения.)","","","","",""
"S """"","S_43d995c3","(Как я вообще могла предположить, что этот ивзращенец способен придумать что-то нормальное?)","","","","",""
"S """"","S_8a11c309","(Но все равно... я сейчас не в том положении, чтобы возмущаться.)","","","","",""
"S """"","S_f15e905c","(Я уже решила, что пройду все его испытания, и никакие извращения меня не сломают!)","","","","",""
"S """"","S_b0394f71","Х-хорошо, я согласна.","","","","",""
"""""","narrator_db45ec75","В тот же час на лице Стукова появилась довольная ухмылка.","","","","",""
"A """"","A_36e646e0","Отлично, тогда давай приступим.","","","","",""
"""""","narrator_42252806","После этих слов Стуков в момент снял с себя все вещи.","","","","",""
"S """"","S_fe799e12_3","!!!","","","","",""
"A """"","A_d528971d","Ненавижу эту одежду...!","","","","",""
"S """"","S_e3692048","З-зачем ты разделся?","","","","",""
"A """"","A_d9cb0615","Зачем???","","","","",""
"A """"","A_078e43d9","Сегодня ты мой материал для дрочки. И твое задание это заставить меня кончить как можно скорее и как можно сильнее!","","","","",""
"S """"","S_019a9222","Прекрати так говорить...","","","","",""
"S """"","S_0172aff1","(Черт... зачем он мне показывает свой... я не хочу на него смотреть!)","","","","",""
"A """"","A_1a7d8b89","Ха-ха-ха. Если ты хочешь, чтобы я поскорее кончил, то тебе надо скорее привыкать к таким разговорам.","","","","",""
"S """"","S_fe799e12_4","!!!","","","","",""
"S """"","S_46ae8234","Это все не правильно...","","","","",""
"A """"","A_0df776bb","Поверь, деточка, ты мне еще спасибо скажешь за эти уроки.","","","","",""
"A """"","A_ce6cb58f","Ха-ха-ха!","","","","",""
"A """"","A_2b945d5b","Начинай уже раздеваться и я хочу чтобы ты...","","","","",""
"A """"","A_78bb834f","Медленно начала раздеваться. Нам некуда торопиться, я хочу наслаждаться каждым моментом.","","","","",""
"S """"","S_260600fe_2","...","","","","",""
"S """"","S_0400a67a","(Я раньше это уже делала, так почему мне так сложно сделать это сейчас?)","","","","",""
"""""","narrator_eebcad3b","Сара начинает медленно снимать с себя одежду. Начала она, конечно же, с верхней брони.","","","","",""
"""""","narrator_41d6277e","Она старалась делать это как можно сексуальнее, но из-за смущения и неопытности у нее не очень-то получалось.","","","","",""
"A """"","A_789f2b3f","Мне показалось или тебе это начало нравиться? Ты даже двигаться стала по-другому.","","","","",""
"S """"","S_18009cb5","Т-тебе показалось!","","","","",""
"S """"","S_7281020f","(Черт, он заметил... но это для того, чтобы скорее выбраться отсюда!)","","","","",""
"A """"","A_ced1a9ab","Прошлые тренировки даром не прошли.","","","","",""
"A """"","A_7762e921","Ха-ха-ха-ха.","","","","",""
"S """"","S_7c4c305b","Я просто не хочу затягивать...","","","","",""
"A """"","A_60bac32e","Это правильный подход.","","","","",""
"S """"","S_fe799e12_5","!!!","","","","",""
"S """"","S_2d513617","(Ахх... оно такое развратное...)","","","","",""
"S """"","S_1d5a9221","(Черт-черт-черт!)","","","","",""
"A """"","A_135e0303","Может, хватит прикрываться???!","","","","",""
"S """"","S_260600fe_3","...","","","","",""
"A """"","A_69907515","Аргх!!!","","","","",""
"A """"","A_9bed89a1","Знаешь, я передумал. Снимай скорее все остальное!","","","","",""
"S """"","S_fe799e12_6","!!!","","","","",""
"""""","narrator_8029b07a","Сара сняла с себя всю оставшуюся одежду и предстала перед Стуковым в одном только нижнем белье, которое сегодня утром подарил он ей.","","","","",""
"A """"","A_7b2c3f11","Быстро сняла всю одежду и мы перешли бы к самому интересному!","","","","",""
"S """"","S_0400a67a_1","(Я раньше это уже делала, так почему мне так сложно сделать это сейчас?)","","","","",""
"S """"","S_260600fe_4","...","","","","",""
"""""","narrator_804d929c","Сара начинает неуверенно снимать с себя всю одежду.","","","","",""
"""""","narrator_41d6277e_1","Она старалась делать это как можно сексуальнее, но из-за смущения и неопытности у нее не очень-то получалось.","","","","",""
"""""","narrator_584dd1ad","Стуков, похотливо осматривая Сару, хватает в руки свой совокупительный орган и начинает медленно мастурбировать.","","","","",""
"""""","narrator_0c8f54ad","Сара, сняв с себя всю одежду, еще недолго прикрывалась руками, но вскоре полностью открылась и встала перед ним в одном нижнем белье, которое сегодня подарил ей Стуков.","","","","",""
"A """"","A_69907515_1","Аргх!!!","","","","",""
"""""","narrator_84d98092","Она даже представить не могла, что когда-то ей придется надеть что-то такое равзратное.","","","","",""
"A """"","A_4432ca7e","Охо-хо. Ну ничего себе. Оно отлично тебе идёт.","","","","",""
"S """"","S_260600fe_5","...","","","","",""
"A """"","A_45bd2a94","Твое тело так и создано для эротического белья.","","","","",""
"""""","narrator_6824a52d","Стуков еще больше возбудился, его член в момент полностью встал!","","","","",""
"S """"","S_fe799e12_7","!!!","","","","",""
"S """"","S_74dd51ba","(Э-это его реакция на меня? Ахх... он так сильно встал...)","","","","",""
"S """"","S_68a942de","(Ах, с него еще что-то сочится... э-это так мерзко...)","","","","",""
"""""","narrator_c23a6966","В предвкушении член Стукова начал подпрыгивать.","","","","",""
"A """"","A_d69de0ec","Ты видишь, как ему не терпится спустить на твое развратное тело?","","","","",""
"S """"","S_6492d60b","П-прекрати... ч-что ты делаешь...","","","","",""
"A """"","A_34a72a22","Я делаю, то для чего я сюда пришел. Использую свой материал для дрочки.","","","","",""
"S """"","S_7ed003e5","(Ах, я не хочу это видеть.)","","","","",""
"A """"","A_89920669","Эй, деточка, даже не думай отводить взгляд. Я хочу, чтобы ты смотрела мне в глаза в то время, как я наяриваю на тебя.","","","","",""
"S """"","S_fe799e12_8","!!!","","","","",""
"S """"","S_326b2f2f","(Я... я... так не могу... мне стыдно...)","","","","",""
"S """"","S_79656c57","(А еще от его... 'прибора' исходит такой аромат... ахх... ч-что со мной происходит?)","","","","",""
"""""","narrator_11137732","Сара пыталась смотреть на Стукова, но её смущению не было предела.","","","","",""
"A """"","A_6e339a8f","Ооо да. правильно, уже лучше.","","","","",""
"A """"","A_5f1ab225","А теперь хорошенько взгляни на мой член.","","","","",""
"S """"","S_fe799e12_9","!!!","","","","",""
"S """"","S_91c4bc20","Я-я не хочу...","","","","",""
"A """"","A_bd68d85c","Давай-давай, рассмотри его получше.","","","","",""
"A """"","A_632e95f3","Если хочешь, я могу все это вблизи показать.","","","","",""
"S """"","S_fe799e12_10","!!!","","","","",""
"A """"","A_d94c8ead","Ха-ха-ха-ха!","","","","",""
"S """"","S_4c89b583","Нет, не хочу!","","","","",""
"A """"","A_4e5e2df6","Тогда давай, хватит строить из себя недотрогу!","","","","",""
"""""","narrator_5f3787c7","После этого Сара неуверенно и осторожно начала поглядывать на его член.","","","","",""
"S """"","S_aec92165","(Такой огромный!)","","","","",""
"S """"","S_db371c02","(Он... он ненормальных размеров.)","","","","",""
"A """"","A_4cd74232","Ну что скажешь, нравится?","","","","",""
"S """"","S_660caf93","Нет, конечно! Как может что-то такое нравиться, он... отвратительный!","","","","",""
"S """"","S_38a10415","А еще... с него что-то сочится, это просто отвратительно!","","","","",""
"A """"","A_9a1f8a28","Это называется смазка.","","","","",""
"A """"","A_dd3a3f32","Если хочешь, можешь подойти поближе и лизнуть ее. Ну и заодно потрогать член, я не против.","","","","",""
"S """"","S_d77af9eb","Ч-что? ФУ! Это отвратительно!","","","","",""
"S """"","S_3e05a382","Я не собираюсь ничего лизать, а тем более... трогать эту... эту... ш-штуку!!!","","","","",""
"S """"","S_ec5da622","(Ах... ч-что у него в голове творится... это ужасно, я не хочу, чтобы он говорил мне такие вещи...)","","","","",""
"A """"","A_e592d0c7","(Ха-ха-ха, посмотрим что ты скажешь чуть позже.)","","","","",""
"A """"","A_5344b99c","Хах, ладно, всему свое время. А теперь давай вернемся к главному сегодняшнему блюду.","","","","",""
"S """"","S_260600fe_6","...","","","","",""
"A """"","A_14862765","Хороший материал для дрочки должен уметь заводить мужчин.","","","","",""
"A """"","A_cf5efbd2","Все предельно просто: твоя задача заключается в том, чтобы говорить мне различные 'грязные вещи', которые меня будут очень сильно заводить. Ну и, конечно же, помочь мне хорошенько кончить!","","","","",""
"S """"","S_c75c37f6","Ч-что???","","","","",""
"S """"","S_83a6d93d","Какие такие 'грязные вещи'???","","","","",""
"A """"","A_f4ea3fac","Я тебе подскажу сначала.","","","","",""
"""""","narrator_3f5ea013","Стуков начал медленно подходить к Саре.","","","","",""
"S """"","S_cb570454","Ааа, не подходи ко мне!!!","","","","",""
"A1side4 """"","A1side4_2655db51","Не переживай ты так. Я ничего тебе не сделаю.","","","","",""
"S """"","S_260600fe_7","...","","","","",""
"""""","narrator_a1d3b9b1","Стуков подошел к Саре и прошептал ей что-то на ушко.","","","","",""
"S """"","S_fe799e12_11","!!!","","","","",""
"S """"","S_7ac58737","Я-я... я... я не могу такое сказать.","","","","",""
"A """"","A_95bf0d86","Ну ты же хочешь, чтобы это поскорее закончилось? А значит - тебе нужно сделать все для того, чтобы я быстрее кончил.","","","","",""
"A """"","A_c3c799fd","У меня давно уже не было такого материала для дрочки. Если ты сделаешь это, то я кончу в разы быстрее и это все закончится.","","","","",""
"S """"","S_260600fe_8","...","","","","",""
"S """"","S_e7efb6df","(Черт, он хочет, чтобы я говорила ему такие вещи... во время того, как он наяривает на меня...)","","","","",""
"S """"","S_0a1296ad","(Но самое ужасное то, что мое тело странно себя ведет, оно становится таким горячим... ахх...)","","","","",""
"S """"","S_f966bc77","(Неужели не только мое тело такое развратное, но и разум... еще даже ничего не началось, а я уже странно себя чувствую.)","","","","",""
"S """"","S_055e6660","(Черт, я думала, что справлюсь, но я даже не подозревала, что он скажет мне делать ТАКИЕ вещи! Я-я просто не смогу говорить такие вещи...)","","","","",""
"S """"","S_0d2d370e","Нет! Я определенно не могу! Я не готова к такому!","","","","",""
"A """"","A_b2079594","Хм... понятно... хочешь по-плохому, да?","","","","",""
"A """"","A_fab66401","План Б. Сай’мон, твой выход. Я думаю, ты должен помочь ей.","","","","",""
"C """"","C_182c96b2","(Понял.)","","","","",""
"S """"","S_a9319ad4","А???","","","","",""
"""""","narrator_1591f692","*Чпоньк*","","","","",""
"""""","narrator_aa246e64","По телу прошелся электрический разряд, после чего у Сары закружилась голова, она начала себя странно чувствовать..","","","","",""
"S """"","S_083c0f49","(???)","","","","",""
"S """"","S_da0e795a","(Ч-что ты со мной сделал?)","","","","",""
"C """"","C_aa9f7418","(Я должен тебе немного помочь.)","","","","",""
"S """"","S_6f157957","(Т-ты-ты снова это делаешь!)","","","","",""
"C """"","C_0df0ec02","(Ты не оставила выхода. Но ничего, сейчас ты узнаешь, насколько развратным можем быть твое тело и насколько тебе это может понравиться.)","","","","",""
"A """"","A_08b3b9e5","Давай же, начинай, сучка.","","","","",""
"S """"","S_554bc66b","С радостью! Хи-хи!","","","","",""
"""""","narrator_b3ca507b","Сразу после приказа Стукова Сара без стыда принимает развратную позу.","","","","",""
"S """"","S_27b7e689","Я очень рада, что мне выпала такая возможность - быть твоим материалом для дрочки.","","","","",""
"S """"","S_8d39198f","Пожалуйста, наслаждайся моим телом!","","","","",""
"S """"","S_c53fd93a","(Я бы никогда в жизни не скзала такие вещи! Это не я!)","","","","",""
"S """"","S_039c2204","(Ч-что ты сделал со мной, почему я говорю такие ужасные вещи!)","","","","",""
"A """"","A_a64f62a9","!!!","","","","",""
"A """"","A_15ec6dfd","*Фап* *фап* *фап*","","","","",""
"""""","narrator_1fa45473","Стуков обхватил свой член и начал еще быстрее мастурбировать. Этот развратный звук заполнял всю комнату.","","","","",""
"S """"","S_346eade0","(Нееет! Не делай этого!)","","","","",""
"S """"","S_4ce35d4c","(Я не хочу, чтобы ты это делал, смотря на меня!)","","","","",""
"C """"","C_3dc7808b","(Не переживай, я просто чуть-чуть заблокировал височную долю мозга, которая отвечает за чувство вины и стыда. Так что теперь тебе должно быть легче.)","","","","",""
"S """"","S_facf6298","(!!!)","","","","",""
"S """"","S_4b6c7439","(Что??? Что это еще такое?)","","","","",""
"C """"","C_e0dc3ca9","(...)","","","","",""
"C """"","C_4c5c09d8","(Просто не обращай внимания. Сконцентрируйся на испытании.)","","","","",""
"S """"","S_8d9bb04d","(Нет, этого не может быть, это точно не я! Я бы никогда такого не сказала!)","","","","",""
"A """"","A_256a3004","Оооо да! Продолжай!","","","","",""
"S """"","S_2cb8146c","Я никогда ничем подобным не занималась, но я очень рада, что сегодня мне выпала возможность быть твоим материалом для дрочки.","","","","",""
"S """"","S_265d4f69","Ты же не против, если я немножко поиграюсь с собой?","","","","",""
"S """"","S_105ddfc6","Хи-хи-хи.","","","","",""
"""""","narrator_fe96d08c","Сара неспешно потянулась рукой к своему клитору и начала играться с ним.","","","","",""
"A """"","A_15ec6dfd_1","*Фап* *фап* *фап*","","","","",""
"""""","narrator_7080d60b","Продолжая мастурбировать, смотря прямо на развратное личико Сары, он уже был на пределе.","","","","",""
"""""","narrator_8db4e8a8","Сара же играла со своей киской перед ним и жадно смотрела на его половой орган.","","","","",""
"A """"","A_15ec6dfd_2","*Фап* *фап* *фап*","","","","",""
"""""","narrator_2e9d7f0b","Все это возбуждало Стукова все сильнее и сильнее.","","","","",""
"S """"","S_b5a9627c","И мне очень понравился твой подарок. Это белье такое красивое. Хи-хи-хи.","","","","",""
"S """"","S_f2ae6add","(Нет! Мне оно совсем не нравится!)","","","","",""
"S """"","S_a8f66b91","Оно совсем ничего не прикрывает, а даже наоборот, делает тело в разы более развратным.","","","","",""
"A """"","A_15ec6dfd_3","*Фап* *фап* *фап*","","","","",""
"A """"","A_16b2bf95","Дааа, это так.","","","","",""
"A """"","A_60e084db","Ха-ха-ха-хах.","","","","",""
"A """"","A_8c6829b1","Ты хорошо постаралась, а значит я дам тебе возможность выбрать, какую часть тела мне стоит тебе обкончать!","","","","",""
"S """"","S_5fd42fd4","Ооо, это честь для меня.","","","","",""
"S """"","S_facf6298_1","(!!!)","","","","",""
"S """"","S_7c8ca0ee","(ЧТО? НЕТ, МЫ ТАК НЕ ДОГОВАРИВАЛИСЬ!)","","","","",""
"S """"","S_e203d915","Что же мне выбрать?","","","","",""
"S """"","S_1cb7ddd6","(Нет-нет-нет!!!)","","","","",""
"S """"","S_b8cfa0a1","Я хочу, чтобы ты кончил мне на лицо.","","","","",""
"S """"","S_5ace3f28","Я хочу, чтобы ты кончил мне на грудь.","","","","",""
"S """"","S_91aaad42","Я хочу, чтобы ты обкончал меня всю.","","","","",""
"S """"","S_7c802ba5","Я хочу, чтобы ты не задумывался о таком, а просто спустил на свой материал для дрочки!","","","","",""
"A """"","A_e60c75cb","Охо-хо, хороший выбор, сучка!","","","","",""
"A """"","A_15ec6dfd_4","*Фап* *фап* *фап*","","","","",""
"A """"","A_7215146d","Получай порцию своей густой спермы!","","","","",""
"A """"","A_593afd9d","ААААРГХ!","","","","",""
"""""","narrator_9e40d6f5","Стуков, подойдя еще ближе к Саре, не сдерживая себя начал кончать на лицо Сары.","","","","",""
"""""","narrator_8b981e7f","Она же, в свою очередь, была не против и даже высунула язык.","","","","",""
"""""","narrator_33064a39","*Взрыв*{w=0.6}{nw}","","","","",""
"""""","narrator_33064a39_1","*Взрыв*{w=0.6}{nw}","","","","",""
"""""","narrator_f4087418","*Взрыв*{w=0.6}","","","","",""
"A """"","A_dd8d5426","ДAAA!!!","","","","",""
"S """"","S_01b98415","Мммм...да!... ахх... ","","","","",""
"""""","narrator_33064a39_2","*Взрыв*{w=0.6}{nw}","","","","",""
"""""","narrator_33064a39_3","*Взрыв*{w=0.6}{nw}","","","","",""
"""""","narrator_f4087418_1","*Взрыв*{w=0.6}","","","","",""
"""""","narrator_64bc1ed2","Все лицо, волосы и немного грудь Сары были залиты густым соусом Стукова, которая она пыталась слизать языком с себя.","","","","",""
"""""","narrator_4bc3663b","Стуков, подойдя еще ближе к Саре, направил свой член на ее грудь и хорошенько кончил.","","","","",""
"""""","narrator_33064a39_4","*Взрыв*{w=0.6}{nw}","","","","",""
"""""","narrator_33064a39_5","*Взрыв*{w=0.6}{nw}","","","","",""
"""""","narrator_f4087418_2","*Взрыв*{w=0.6}","","","","",""
"A """"","A_dd8d5426_1","ДAAA!!!","","","","",""
"S """"","S_01b98415_1","Мммм...да!... ахх... ","","","","",""
"""""","narrator_33064a39_6","*Взрыв*{w=0.6}{nw}","","","","",""
"""""","narrator_33064a39_7","*Взрыв*{w=0.6}{nw}","","","","",""
"""""","narrator_f4087418_3","*Взрыв*{w=0.6}","","","","",""
"""""","narrator_2d336cf9","Сперма Стукова разливалась по грудям Сары.","","","","",""
"""""","narrator_0f9e9d48","Учитывая развратное выражения лица Сары, все это выглядело очень сексуально и обворожительно.","","","","",""
"""""","narrator_521b38df","Стуков, ухмыльнувшись, отошел чуть-чуть дальше, чтобы радиус действия его 'пушки' был больше.","","","","",""
"""""","narrator_a7b877ec","Он, не сдерживая себя, начал извергать свою сперму на Сару.","","","","",""
"""""","narrator_5848d3b7","Та, в свою очередь, продолжала играть со своим клитором и высунула язык в ожидании, когда же ей в рот накапает заветный дождь.","","","","",""
"""""","narrator_33064a39_8","*Взрыв*{w=0.6}{nw}","","","","",""
"""""","narrator_33064a39_9","*Взрыв*{w=0.6}{nw}","","","","",""
"""""","narrator_f4087418_4","*Взрыв*{w=0.6}","","","","",""
"A """"","A_dd8d5426_2","ДAAA!!!","","","","",""
"S """"","S_01b98415_2","Мммм...да!... ахх... ","","","","",""
"""""","narrator_33064a39_10","*Взрыв*{w=0.6}{nw}","","","","",""
"""""","narrator_33064a39_11","*Взрыв*{w=0.6}{nw}","","","","",""
"""""","narrator_f4087418_5","*Взрыв*{w=0.6}","","","","",""
"A """"","A_3db0727d","Оооода!","","","","",""
"S """"","S_49c9cb27","Аххх... да, ее так много, ммм... ","","","","",""
"S """"","S_52fa40d6","(Ахх... моя кожа реагирует на его горячую сперму... )","","","","",""
"S """"","S_55fa6f06","Спасибо за то, что обкончал мне все лицо.","","","","",""
"S """"","S_d063d9d6","Кажется, немного попало мне в рот. Ты же не против, если я ее попробовала, правда?","","","","",""
"S """"","S_a5a6712a","А еще... ты чуть-чуть промахнулся... моя грудь тоже залита твоей спермой...","","","","",""
"A """"","A_71115ecc","Аха-ха, ты настоящая сучка!","","","","",""
"A """"","A_0901d764","Первый раз ее всегда так много, так что все нормально.","","","","",""
"S """"","S_a5850d67","Спасибо за то, что обкончал мне всю грудь. Тебе ведь нравится моя грудь в сперме?","","","","",""
"A """"","A_d256614a","Аха-ха, да, она так еще более сексуальней!","","","","",""
"S """"","S_36578b5d","Ах, это было нечто. Моя кожа так и трепещет от твоей горячей спермы...","","","","",""
"S """"","S_c4f59781","Она везде... Я очень рада, что ты не сдерживался!","","","","",""
"A """"","A_588b9fb3","Как я могу сдерживаться, когда ты так просишь меня обкончать тебя всю?","","","","",""
"S """"","S_500ca411","Мне очень понравилось, надеюсь, мы сможем это повторить.","","","","",""
"S """"","S_7ef8ff64","Хи-хи-хи!","","","","",""
"S """"","S_fdfb0a0f","(Н-нет! Мне это совсем не понравилось!)","","","","",""
"A """"","A_078b307a","Мы обязательно это повторим!","","","","",""
"A """"","A_f75b1349","Ты отлично справилась с этим.","","","","",""
"A """"","A_d923cdd4","Хе-хе-хе.","","","","",""
"""""","narrator_7bde8421","После этого короткого разговора Стуков быстро оделся и вальяжно направился к выходу.","","","","",""
"Aside2 """"","Aside2_ec709424","Фух... давно я так не спускал...","","","","",""
"""""","narrator_dc3f7266","Стуков остановился на полпути, после повернулся к Саре и сказал:","","","","",""
"A """"","A_559278bc","А, точно, чуть не забыл. В следующий раз, когда будешь готова продолжить твое обуч... *кхм*... испытание, не забудь надеть это бельишко.","","","","",""
"""""","narrator_72ba6108","После этой фразы Стуков подмигнул Саре и, посвистывая, довольный направился к выходу из комнаты.","","","","",""
"C """"","C_fda174ea","(Вот и все, а ты боялась.)","","","","",""
"""""","narrator_1591f692_1","*Чпоньк*","","","","",""
"S """"","S_fe799e12_12","!!!","","","","",""
"S """"","S_4f082fc0","Этого не может быть...","","","","",""
"S """"","S_68dfdae9","Я не могу в это поверить...","","","","",""
"S """"","S_1d2e7491","Это так ужасно! Я сейчас сгорю от стыда! Что я только что делала! Это была не я!","","","","",""
"S """"","S_9c2e8423","У меня все лицо и волосы в его сперме, я должна как можно быстрее смыть это все с себя!","","","","",""
"S """"","S_01b657ee","Грудь, моя грудь, она вся в сперме...","","","","",""
"S """"","S_433c9f14","(Но могло быть хуже... он мог кончить мне на лицо!)","","","","",""
"C """"","C_085c10df","(А ты бы хотела, что бы он кончил тебе на лицо?)","","","","",""
"S """"","S_facf6298_2","(!!!)","","","","",""
"S """"","S_aa4e3880","(Что??? Нет, конечно же!)","","","","",""
"C """"","C_0413e6a4","(Понятно, я просто решил уточнить.)","","","","",""
"S """"","S_d73a36e1","Я должна как можно быстрее смыть это всё с себя!","","","","",""
"S """"","S_2aeea4da","О-он... он... он всю меня... обкончал... Я должна как можно скорее смыть все.","","","","",""
"""""","narrator_3f29ec02","Некоторое время спустя.","","","","",""
"S """"","S_e0f1585f","(Ах, ты больной извращец!)","","","","",""
"C """"","C_53510a55","(Эй, ты мне спасибо еще должна сказать.)","","","","",""
"S """"","S_96aa134e","(Спасибо, за то что дал Стукову обкончать меня???)","","","","",""
"C """"","C_fa2eacd5","(За то, что я продвинул тебя дальше на пути к свободе!)","","","","",""
"S """"","S_e15d7500","(...)","","","","",""
"C """"","C_fa953447","(Теперь ты знаешь, что такое материал для дрочки.)","","","","",""
"C """"","C_91561c56","(И благодаря моей небольшой помощи ты продвинулась немного дальше.)","","","","",""
"S """"","S_57b398e0","(Но я не хочу участвовать в чем-то подобном!)","","","","",""
"C """"","C_695f4c18","(Тогда тебе нужно привыкать к текущей атмосфере, ведь тебе придется провести тут оооочень, много времени.)","","","","",""
"S """"","S_e15d7500_1","(...)","","","","",""
"A """"","A_b7181495","Ну что, ты готова?","","","","",""
"A """"","A_b8db52e8","Я уже соскучился по своему материалу для дрочки.","","","","",""
"A """"","A_d8dd81a0","Аха-ха-ха-ха.","","","","",""
"S """"","S_ce7dc23f","...","","","","",""
"S """"","S_ab178a73","Да...","","","","",""
"A """"","A_a7a23882","Ты же не забыла надеть 'его'?","","","","",""
"S """"","S_ce7dc23f_1","...","","","","",""
"S """"","S_d1bb2eaa","Нет.","","","","",""
"A """"","A_bb01811d","Ха-ха-ха.","","","","",""
"A """"","A_bea2cd28","Отлично, но ты сегодня какая-то 'тихая'.","","","","",""
"A """"","A_ba4aab64","Это, наверное, ты бережешь силы для сегодняшнего испытания?","","","","",""
"S """"","S_a3f9ff2a","Нет!","","","","",""
"S """"","S_b3034fe5","Просто это так странно...","","","","",""
"A """"","A_809744bd","Ты всегда так говоришь, а потом тебя за уши не оттащишь.","","","","",""
"A """"","A_d8dd81a0_1","Аха-ха-ха-ха.","","","","",""
"C """"","C_9b77df07","(А он прав.)","","","","",""
"S """"","S_ce7dc23f_2","...","","","","",""
"S """"","S_332df452","Ладно, давай покончим с этим.","","","","",""
"A """"","A_6411f502","Хорошо, идём со мной.","","","","",""
"""""","narrator_f46b4b56","Стуков и Сара направились в сторону кровати. Стуков сразу же скинул с себя все вещи и взял в руки свой член.","","","","",""
"A """"","A_05521be1","Ну что, я готов. Теперь твоя очередь.","","","","",""
"S """"","S_ce7dc23f_3","...","","","","",""
"""""","narrator_0257b668","Сара начала медленно снимать с себя броню. Хоть для нее это и было неприемлемо, она пыталась сделать это как можно сексуальнее.","","","","",""
"""""","narrator_568b9fec","Она аккуратно сняла с себя верхнюю часть брони, и оттуда показались ее округлости, которые она несколько секунд прикрывала руками.","","","","",""
"""""","narrator_d3b55385","Дальше в ход пошла нижняя часть, она пыталась расправиться с ней как можно быстрее.","","","","",""
"""""","narrator_7effe1f5","Сара стояла перед Стуковым в одном только нижнем белье, покраснев и смотря куда-то в пол.","","","","",""
"A """"","A_a1f49081","А вот и мое любимое бельишко.","","","","",""
"""""","narrator_374211da","Только лишь Сара разделась, член Стукова начал подпрыгивать в ожидании предстоящего, пока он сам похотливым взглядом осматривал Сару.","","","","",""
"S """"","S_8f45be02","Ты снова это делаешь.","","","","",""
"A """"","A_e804c6d5","Конечно, я обожаю это. А он обожает твое развратное тело!","","","","",""
"A """"","A_d39b060a","Ты уже уверенней себя чувствуешь в этом белье. Глазом не успеешь моргнуть, как ты уже сама будешь надевать куда более развратные наряды.","","","","",""
"S """"","S_58fc4f6f","!!!","","","","",""
"S """"","S_7b4511bf","Не выдумывай.","","","","",""
"S """"","S_43b5e364","(Мне все так же неловко носить что-то подобное...)","","","","",""
"A """"","A_8f0706bb","Ха-ха-ха-ха.","","","","",""
"A """"","A_b8fe7b5a","Давай, начинай.","","","","",""
"S """"","S_8d62b0af","Но это все не правильно...","","","","",""
"A """"","A_3615d639","Понял, тебе нужно небольшая помощь.","","","","",""
"S """"","S_5aac67bc","Я не собираюсь этого делать!","","","","",""
"A """"","A_e93352a0","...","","","","",""
"A """"","A_21293df9","Сай'мон.","","","","",""
"C """"","C_ec1b808c","(Понял.)","","","","",""
"C """"","C_1087e7a0","(Ты не оставляешь мне выбора...)","","","","",""
"C """"","C_264a2c4b","(Чпоньк!)","","","","",""
"S """"","S_45772373","(Аааа!)","","","","",""
"S """"","S_65fd2a25","(Нет, нет, нет!)","","","","",""
"S """"","S_3c6a7bf8","(Он снова это сделал!)","","","","",""
"S """"","S_835bcb99","(Снова заставляет меня быть материалом для дрочки, я не хочу этого!)","","","","",""
"A """"","A_d2bac232","Давай, сучка, я жду.","","","","",""
"""""","narrator_934dd0bd","Член Стукова еще быстрее начал подпрыгивать, на его лице появилась язвительная улыбка, а глаза горели желанием сделать что-нибудь развратное.","","","","",""
"S """"","S_fa7d2dba","(Я не хочу, чтобы он это делал! Нет!)","","","","",""
"S """"","S_ca84468e","(Прекрати это делать...)","","","","",""
"""""","narrator_e8ec9f4f","Сара, как и в прошлый раз, приняла очень развратную позу и начала играть с своим клитором.","","","","",""
"S """"","S_1b291f8d","Я-я очень рада... ч-что мне выпала возможность б-быть твоим материалом для дрочки.","","","","",""
"A """"","A_509c0977","*Фап* *фап* *фап*","","","","",""
"""""","narrator_099b9e89","Стуков схватил свой член, и начал наяривать.","","","","",""
"""""","narrator_a9440d71","Эхом раздавался по комнате звук мастурбации.","","","","",""
"A """"","A_509c0977_1","*Фап* *фап* *фап*","","","","",""
"A """"","A_d622fb3e","Оооо да... продолжай!","","","","",""
"S """"","S_f995d09b","(!!!)","","","","",""
"S """"","S_5934349e","(Ах, но почему мое тело стало таким горячим???)","","","","",""
"S """"","S_a2b624be","П-пожалуйста, воспользуйся мною для утешения своих нужд...","","","","",""
"A """"","A_c2a7c617","Даааа! Это я и делаю сейчас, сучка.","","","","",""
"S """"","S_04bf77f8","(Х-хватит меня так называть, аххх...)","","","","",""
"S """"","S_04183523","(Я не сучка!)","","","","",""
"S """"","S_953ff6c5","Этот комплект белья, если конечно его можно так назвать, ведь белье должно хотя бы что-то прикрывать... Я надела его специально для тебя и я буду очень счастлива, если ты кончишь как можно сильнее.","","","","",""
"S """"","S_21846cd3","В-ведь... я-я именно для этого тут нахожусь!","","","","",""
"A """"","A_509c0977_2","*Фап* *фап* *фап*","","","","",""
"""""","narrator_9162a1da","Стуков начал яростно наяривать. ","","","","",""
"S """"","S_dfc83874","(Ох... он так быстро наяривает... неужели ему это все так нравится... ммм...)","","","","",""
"S """"","S_e54e6b9d","(Ах... нет! О чем это я думаю!)","","","","",""
"S """"","S_1ba97087","(Откуда у меня эти грязные мысли!)","","","","",""
"A """"","A_c9d6473f","Хорошо сказано, сучка. А теперь выбирай, какую часть тела ты хочешь, чтобы я залил?","","","","",""
"S """"","S_12ef7d96","(О нет! Только не снова...)","","","","",""
"A """"","A_6c7207ee","Хочешь, как и в прошлый раз, чтобы я обкончал твое миленькое личико?","","","","",""
"S """"","S_02089664","(Нет! Только не снова! Только не на лицо!)","","","","",""
"A """"","A_a69cf7e2","Понравилось в прошлый раз, когда я кончил на грудь, и хочешь снова?","","","","",""
"S """"","S_8441d9d4","(Нееееет, не хочу, не надо!)","","","","",""
"A """"","A_b8e200e3","Хочешь как и в прошлый раз, чтобы я обкончал тебя всю?","","","","",""
"S """"","S_0c1d78a3","(Нет, конечно же! Да кто вообще может хотеть!)","","","","",""
"S """"","S_3df83dc8","Э-это будет честь для меня!","","","","",""
"S """"","S_d60efb02","(Н-не говори такие вещи! Спасите меня кто-нибудь!)","","","","",""
"S """"","S_2ce2453e","Что же мне выбрать?","","","","",""
"S """"","S_060e6490","Да, я хочу, чтобы ты обкончал мне лицо!","","","","",""
"A """"","A_0711f074","Я вижу, ты любишь, чтобы тебе кончали на лицо.","","","","",""
"S """"","S_58fc4f6f_1","!!!","","","","",""
"S """"","S_ce7dc23f_4","...","","","","",""
"S """"","S_ededc7bd","Н-ну, может быть, чуть-чуть.","","","","",""
"S """"","S_9571a08c","Да, я хочу, чтобы ты спустил мне на грудь.","","","","",""
"S """"","S_b9c9bb2c","Да, я хочу, чтобы ты не сдерживался и обкончал меня всю с ног до головы!","","","","",""
"A """"","A_83e202db","Да, кто-то тут любит принимать ванную со спермой!","","","","",""
"A """"","A_71d407eb","Не беспокойся, я устрою тебе это!","","","","",""
"S """"","S_af993859","Договорились, только не сдерживайся!","","","","",""
"S """"","S_4fc77c34","Я хочу, чтобы ты побыстрее спустил уже куда угодно!","","","","",""
"A """"","A_9a045ed5","Хе-хе, как скажешь. А теперь готовься, сучка, я уже почти!","","","","",""
"S """"","S_10d5eee3","П-поняла!","","","","",""
"""""","narrator_2ee912ae","Как и в прошлый раз, Стуков вскочил и встал прямо перед Сарой, а та послушно приготовилась принять его сперму.","","","","",""
"""""","narrator_a2c4ce90","Он продолжал мастурбировать, а Сара похотливо смотрела на это и высовывала язык, продолжая играть со своим клитором.","","","","",""
"A """"","A_47f9f96a","Аргх!!!","","","","",""
"A """"","A_8af94c16","Получай, сучка, порцию своей густой спермы!","","","","",""
"""""","narrator_a0b263bf","*Взрыв*{w=0.6}{nw}","","","","",""
"""""","narrator_a0b263bf_1","*Взрыв*{w=0.6}{nw}","","","","",""
"""""","narrator_5ad439f8","*Взрыв*{w=0.6}","","","","",""
"""""","narrator_d47b07a0","Лицо и волосы Сары были залиты густой спермой Стукова, которую она слизывала языком, на ее лице можно было распознать нотки удовольствия, ей это очень нравилось.","","","","",""
"S """"","S_9fde54d8","Ах... М-мое лицо, мои волосы... Спасибо, что кончили мне на лицо.","","","","",""
"S """"","S_29c34dbb","(Нет! Ммм... но почему я его благодарю, ах... он снова это сделал!)","","","","",""
"""""","narrator_1f02556b","Грудь Сары была в сперме Стукова, которая капала на пол и на бедра Сары.","","","","",""
"""""","narrator_4733acec","Сара, получая удовольствие, сжала свою грудь и начала слизывать всю сперму прямо оттуда, все это выглядело очень сексуально.","","","","",""
"S """"","S_cd66dd20","Это так волнующе, спасибо, что кончили мне на грудь.","","","","",""
"S """"","S_90da6afc","(Это не волнующе! Э-это ужасно, ах... нет, я не хочу этого!)","","","","",""
"""""","narrator_5b3cf0c0","Все тело Сары было покрытой спермой Стукова. Сара была удивлена количеством спермы, которая изверглась на ее тело.","","","","",""
"S """"","S_cb8eacc0","Хи-хи-хи, ее так много, это было весело.","","","","",""
"S """"","S_eafaf444","(Ах, нет, это не весело, это совсем не весело!)","","","","",""
"A """"","A_aa0ceffc","Оооо да, сучка... ты отлично справилась с этим.","","","","",""
"A """"","A_584c90b1","Ты ничего не забыла?","","","","",""
"S """"","S_ac3c5660","Спасибо, что воспользовались мною, материалом для дрочки.","","","","",""
"A """"","A_4b7425f1","Хе-хе-хе.","","","","",""
"A """"","A_66efa2e5","Мне это никогда не надоест! Не за что!","","","","",""
"A """"","A_8097b0f0","Ты делаешь очень большие успехи...","","","","",""
"S """"","S_58fc4f6f_2","!!!","","","","",""
"S """"","S_06fba4a1","Я так рада, что вам понравилось! Это честь для меня!","","","","",""
"S """"","S_749ae326","(Нет! Я совсем не рада! Перестань хвалить меня... это точно не то, за что я хотела бы получить чью-то похвалу.)","","","","",""
"A """"","A_77ca4ee6","Тебе, кстати, очень идет сперма на лице.","","","","",""
"S """"","S_58fc4f6f_3","!!!","","","","",""
"S """"","S_27d5906a","С-спасибо...","","","","",""
"S """"","S_2734e37b","(Я точно тебя убью, когда выберусь отсюда!)","","","","",""
"A """"","A_6dcf4694","Ха-ха-ха-ха!","","","","",""
"A """"","A_042e9c66","Если мы так продолжим, то я стану зависимым от тебя.","","","","",""
"S """"","S_4fad2e80","(Н-не говори такие вещи...)","","","","",""
"A """"","A_73bf13f8","Ладно, на сегодня достаточно. Мне нужно вернуться к своим делам.","","","","",""
"A """"","A_7644f965","Жду нашу следующую встречу с нетерпением.","","","","",""
"""""","narrator_6470323d","На этой ноте Стуков надел свои вещи и покинул комнату Сары.","","","","",""
"C """"","C_09a00e7d","(Ну вот, видишь? У тебя получилось, а ты боялась.)","","","","",""
"S """"","S_92cd3f64","(Верни мне контроль немедленно!)","","","","",""
"C """"","C_b761747a","(А?)","","","","",""
"C """"","C_1f3ea8d2","(О чём ты?)","","","","",""
"S """"","S_a3e6a9bb","(Ты издеваешься?)","","","","",""
"S """"","S_e126a4ff","(Ты взял контроль надо мной и делал все эти грязные вещи!)","","","","",""
"C """"","C_f2d2ab5c","(Нет, я этого не делал.)","","","","",""
"S """"","S_1cb62222","(Что ты такое несешь?)","","","","",""
"S """"","S_895478f2","(В прошлый раз ты заставил меня делать и говорить эти грязные вещи. И вот сейчас то же самое.)","","","","",""
"C """"","C_8d116955","(Нет, это не так. В прошлый раз я не контролировал твое тело.)","","","","",""
"C """"","C_955d2ffe","(Чтобы тебе было более понятно: я нашел участок в твоем мозгу, который отвечает за стыд, и просто немного снизил его активность.)","","","","",""
"C """"","C_794bce30","(Другими словами, я не брал контроль над твоим телом. Все это делала ты, по своей воле. Истинная ты.)","","","","",""
"C """"","C_16688490","(Вы, люди, слишком обременяете себя нормами и моралями, из-за чего не можете нормально расслабиться. А только что мне даже ничего не пришлось сделать. Ты сама себя убедила, что я взял тебя под контроль.)","","","","",""
"S """"","S_f995d09b_1","(!!!)","","","","",""
"S """"","S_a9fa5e49","(И вправду, я могу контролировать свое тело.)","","","","",""
"C """"","C_e9471988","(Чпоньк)","","","","",""
"S """"","S_f995d09b_2","(!!!)","","","","",""
"C """"","C_e9471988_1","(Чпоньк)","","","","",""
"C """"","C_e9471988_2","(Чпоньк)","","","","",""
"C """"","C_e9471988_3","(Чпоньк)","","","","",""
"C """"","C_a7f4c389","(Как вы там любите делать.)","","","","",""
"C """"","C_307f7786","(Ха-ха-ха-ха.)","","","","",""
"C """"","C_6e283ee2","(Вы это называете шуткой, у меня получилось?)","","","","",""
"S """"","S_298e4806","(Это совсем не смешно!)","","","","",""
"S """"","S_9393e420","(То есть ты хочешь сказать, что все это делала я по своей воле???)","","","","",""
"C """"","C_02bb6782","(Да, ты это делала по собственной воле, только при условии, что у тебя пропало чувство стыда. Но не переживай, с каждым разом тебе это будет даваться легче.)","","","","",""
"S """"","S_0374e166","(Легче? А что если я не хочу избавляться от него?)","","","","",""
"C """"","C_2a95bc2a","(Результат очевиден: ты сгниешь тут. Это в лучшем случае.)","","","","",""
"C """"","C_d2f2fbcd","(А я не могу тебе этого позволить. Ты и я, мы одно целое, в моих так же интересах, чтобы ты была жива и здорова. И я для этого сделаю все, что нужно будет. С твоей помощью или без нее.)","","","","",""
"S """"","S_cf75fcb8","(Ты тут для того, чтобы владычица могла следить за мной и управлять мной.)","","","","",""
"C """"","C_f1a53484","(Возможно, но я также пытаюсь найти информацию о том, для чего я был создан и о своих возможностях. Но я знаю точно, наша связь с тобой совершенно на другом уровне.)","","","","",""
"S """"","S_62499121","(На другом уровне? Что ты имеешь в виду?)","","","","",""
"C """"","C_38f41961","(Я попробую тебе объяснить на простых вещах. Когда зерг теряет связь с роем, то он превращается в хищную машину для убийств, которую будут вести инстинкты выживания и не более.)","","","","",""
"C """"","C_45290488","(Но в нашем случае все по-другому. Если наша связь оборвется, то я сразу же перестану существовать, вы называете это смертью. Без тебя меня не может быть.)","","","","",""
"C """"","C_0a1bba5b","(Конечно, наша связь в разы крепче и сильнее, чем связь с роем, и ее не так просто разорвать. Но все же это так.)","","","","",""
"C """"","C_fe7a910b","(И это не только из-за того, что я в твоей голове.)","","","","",""
"S """"","S_16ea031f","(Но все же можно, да?)","","","","",""
"C """"","C_24217662","(Да, думаю да.)","","","","",""
"C """"","C_dc05e985","(По крайней мере это то, что я сейчас успел узнать. Но я сам еще многого не знаю о своих возможностях. Я еще слишком 'молод'.)","","","","",""
"S """"","S_21dbbcff","(Ты думаешь, рассказав мне это, я что, стану лояльнее относиться к тебе?)","","","","",""
"S """"","S_00bef2dc","(Ни черта подобного!)","","","","",""
"C """"","C_6b2eb271","(Я просто делюсь информацией.)","","","","",""
"S """"","S_c1e44649","(Хм.)","","","","",""
"C """"","C_9c53d128","(Я не говорю, чтобы ты мне полностью доверяла, это твое дело. Но я буду давать тебе важную информацию по необходимости.)","","","","",""
"S """"","S_e5b82e74","(Как хочешь, твое дело. Но при первой же возможности я удалю тебя из своей головы!)","","","","",""
"C """"","C_1b06ccec","(Хорошо, я понял тебя. Но сейчас ты должна сконцентрироваться на прохождении испытаний.)","","","","",""
"S """"","S_63bba27b","(...)","","","","",""
"S """"","S_2bf053ce","(В этом я могу с тобой согласиться. Мне нужно выбраться отсюда.)","","","","",""
"S """"","S_dda78c1a","(А по поводу сегодняшнего испытания... это было очень странно, но я ведь справилась?)","","","","",""
"C """"","C_f94139a4","(Именно. У тебя получилось и ты стала на шаг ближе к свободе.)","","","","",""
"S """"","S_f930fe82","Хорошо, тогда я скорее выберусь отсюда!","","","","",""
"S """"","S_ad378429","(Надеюсь...)","","","","",""
"A """"","A_f75a041d","Ну что, приступим?","","","","",""
"S """"","S_01731fab","Да, давай.","","","","",""
"""""","narrator_0172c7c4","Сара пошла к своему месту.","","","","",""
"S """"","S_50bb9aff","(Я решила, что должна это сделать.)","","","","",""
"A """"","A_63c4a65f","Ого, ты немного изменилась, что-то произошло с нашей последней встречи?","","","","",""
"S """"","S_05dbecb5","Тебя это не должно беспокоить.","","","","",""
"A """"","A_ce8bf499","Охо-хо, вот это настрой, хорошо. Тогда займись лучше моим стояком.","","","","",""
"""""","narrator_0c97db7e","Стуков снял с себя все вещи и медленно начал подходить к Саре, держа в руке свой член и жадно пялясь на грудь Сары.","","","","",""
"A """"","A_4d2826ac","Я уже соскучился по твоим прелестям.","","","","",""
"A """"","A_8eb3ec83","Хе-хе-хе.","","","","",""
"""""","narrator_a1a61e1b","Сара скинула с себя верхнюю и нижнюю часть брони, после чего незамедлительно сняла всю оставшуюся одежду, оставаясь только в одном лишь белье перед Стуковым.","","","","",""
"""""","narrator_b141034e","Его жадные глаза, полные похоти, были довольны, увидев соблазнительное тело Сары в сексуальном белье.","","","","",""
"A """"","A_9b8f6afe","Ооо да, нам нравится твой настрой. Надеюсь, ты не сбавишь обороты.","","","","",""
"S """"","S_28071a1b","Ты пришел сюда дрочить, так давай, делай то, зачем пришел.","","","","",""
"S """"","S_38cc92a8","(Гадкий извращенец!)","","","","",""
"A """"","A_32683210","Ха-ха! Договорились.","","","","",""
"""""","narrator_415de8c6","Сара как всегда встала напротив Стукова, приняв очень сексуальную позу. Одной рукой она играла с клитором и принялась говорить различные грязные вещи.","","","","",""
"S """"","S_bec94211","Я так долго ждала, чтобы мной кто-то воспользовался как материалом для дрочки.","","","","",""
"""""","narrator_1cc72970","Для Стукова это было немного неожиданно. Это впервые, когда Сара сказала что-то такое, смотря прямо ему в глаза. Реакция не заставила себя ждать, член Стукова встал как никогда ранее.","","","","",""
"S """"","S_17f494fd","(Да, давай быстрее закончим все это.)","","","","",""
"A """"","A_4c70103f","Ооо да, сучка, ты меня не на шутку завела, продолжай.","","","","",""
"A """"","A_e69c309a","*Фап* *фап* *фап*","","","","",""
"""""","narrator_42c64cc3","Стуков обхватил свой член и начал яростно мастурбировать, как никогда он раньше этого не делал.","","","","",""
"S """"","S_e4b05368","Я даже много фантазировала насчет этого. А еще я хочу, чтобы ты мне приносил еще более развратные наряды, грязный извращенец. Ты же этого хочешь?","","","","",""
"S """"","S_5a10103c","(Ага, да, размечтался.)","","","","",""
"A """"","A_1cd5514d","Дааа!!","","","","",""
"""""","narrator_8d42cbed","Стуков разошелся не на шутку, звук разносился эхом по комнате. Саре от этого было немного не по себе.","","","","",""
"S """"","S_977bacf7","Знаешь, я когда играюсь с собой, то представляю, что ты используешь меня как материал для дрочки, и меня это так заводит.","","","","",""
"A """"","A_0a1ca88f","Ах, черт.","","","","",""
"A """"","A_e69c309a_1","*Фап* *фап* *фап*","","","","",""
"S """"","S_a744f1cb","Я хочу, чтобы ты внимательно смотрел на мое развратное тело в этом нижнем белье и хорошенько передернул.","","","","",""
"S """"","S_5e0db642","Тебе нравится, как я играюсь со своим клитором?","","","","",""
"S """"","S_2ab12f24","(Ах, я делаю такие грязные вещи!)","","","","",""
"A """"","A_fff10fe1","Да, очень.","","","","",""
"S """"","S_29f0b7c8","Тогда устраивайся удобней.","","","","",""
"""""","narrator_d0b49029","Сара начала быстрее пальчиками играться со своим клитором.","","","","",""
"S """"","S_3e3d6bad","Ах... аххх... так приятно... ммм... мой клитор, он такой чувствительный.","","","","",""
"A """"","A_e69c309a_2","*Фап* *фап* *фап*","","","","",""
"A """"","A_6de7be92","Это просто прекрасное зрелище! Не останавливайся!","","","","",""
"S """"","S_61ca3799","(Ах... я должна контролировать себя... но черт, это так приятно... я никогда не думала, что это так приятно!)","","","","",""
"S """"","S_3d253361","Мой к-клитор, такой чувствительный... ахх...","","","","",""
"A """"","A_e4632eca","Ха-ха-ха, какая отчаянная сучка, из-за удовольствия она совсем забыла, для чего она тут.","","","","",""
"A """"","A_ed321b52","Но мне это нравится! Не останавливайся!","","","","",""
"S """"","S_7c5cf27a","(Ах... нет... я не забыла... просто это так... ах... приятно...)","","","","",""
"S """"","S_71081123","Я... я не думала...","","","","",""
"S """"","S_7727a16e","Ах... аххх... ч-то мой клитор... ах... кажется я сейчас кончу...","","","","",""
"A """"","A_668cac7b","Давай, сучка, кончай!","","","","",""
"S """"","S_1a4ef8ed","(Ахх... х-хорошо, я уже совсем близко!)","","","","",""
"""""","narrator_ad6591ff","Сара продолжила еще более усердней играться со своим клитором, она была почти на грани. ","","","","",""
"S """"","S_2cee76a2","Я хочу, чтобы ты кончил вместе со своим материалом для дрочки.","","","","",""
"A """"","A_b92e83fc","Охо-хо, как интересно, как пожелаешь!","","","","",""
"""""","narrator_7dafaadb","По реакции Стукова можно было понять, что он был удивлен, услышав такое предложение от Сары.","","","","",""
"S """"","S_a0e332de","Ах... я уже... я готова.","","","","",""
"S """"","S_42f275af","Кончай на свой материал для дрочки!","","","","",""
"A """"","A_cd81208a","Аххх, сучка! Получай, получай сучка!","","","","",""
"A """"","A_10ff62e5","АРГХ!!!","","","","",""
"S """"","S_b2030ccb","Да-да-да-да!","","","","",""
"S """"","S_f2bf7e3c","Кончаю!","","","","",""
"""""","narrator_d84d3ede","*Взрыв*{w=0.6}{nw}","","","","",""
"""""","narrator_d84d3ede_1","*Взрыв*{w=0.6}{nw}","","","","",""
"""""","narrator_3842a9fd","*Взрыв*{w=0.6}","","","","",""
"S """"","S_0c81b8b7","Виииииииииии!!","","","","",""
"S """"","S_3394e213","(Его горячая сперма на моем теле!)","","","","",""
"S """"","S_3597e422","(Кончаю-кончаю-кончаю-кончаю!)","","","","",""
"S """"","S_3b441a78","Аххх... аххх... ","","","","",""
"""""","narrator_61ad1da3","Спермы было необычайно много, Сара с ног до головы была залита спермой Стукова.","","","","",""
"A """"","A_ccfee695","Хо-хо-хо, это было просто великолепно! Так держать.","","","","",""
"A """"","A_8eb3ec83_1","Хе-хе-хе.","","","","",""
"S """"","S_071fc74d","(Э-это было... так приятно... а-а-ах...)","","","","",""
"A """"","A_17697212","Я думаю, мне это никогда не надоест, кончать на тебя, материал для дрочки.","","","","",""
"S """"","S_800e04dc","Я... очень рада, что тебе понравилось... хе-хе... хеее...","","","","",""
"""""","narrator_4a9ae09b","Стуков взял свои вещи и неспешно начал покидать комнату.","","","","",""
"""""","narrator_08381a2e","Сара еще некоторое время не могла прийти в себя, после того, что ей пришлось пережить.","","","","",""
"""""","narrator_99f00bd7","Прошло некоторое время.","","","","",""
"S """"","S_b599201e","(Я сделала это, у меня получилось.)","","","","",""
"C """"","C_02318702","(Молодец.)","","","","",""
"S """"","S_28f2dddc","(Но этот Стуков, снова кончил на меня... это до сих пор немного отвратительно...)","","","","",""
"C """"","C_a28305fc","(Разве? По тебе сложно было это понять.)","","","","",""
"S """"","S_e734b502","!!!","","","","",""
"S """"","S_e96b5901","(Э-это я специально так...)","","","","",""
"C """"","C_0a5911d6","(А, точно. Как это я не заметил.)","","","","",""
"S """"","S_433606ff","...","","","","",""
"""""","narrator_22a75f67","Сара справилась и сегодня с испытанием Стукова. Она стала на шаг ближе к свободе.","","","","",""
"S """"","S_bdb2b4b2","(Я смогу это выдержать! У меня получится.)","","","","",""
"A """"","A_cb8a5a84","Ну что, ты готова? Надела бельишько?","","","","",""
"S """"","S_b6918c41","!!!","","","","",""
"S """"","S_57a2a4c8","Д-да...","","","","",""
"A """"","A_382e5229","Охо-хо, не могу дождаться, чтобы увидеть его снова.","","","","",""
"S """"","S_ad39a3ca","Больной извращенец...","","","","",""
"A """"","A_126c0f0d","А ты разрешаешь больному извращенцу использовать свое тело как материал для дрочки. Так кто же из нас больший извращенец?","","","","",""
"S """"","S_cbe3b1d5","Т-ты перекручиваешь все...","","","","",""
"A """"","A_b57e2c5e","Ха-ха-ха. Разве?","","","","",""
"S """"","S_4d2cef05","Да!","","","","",""
"A """"","A_600a25d2","Хорошо, пусть так будет.","","","","",""
"A """"","A_f395a4f2","Идем на наше местечко. А то мой член уже выпрыгивает со штанов от одной мысли о тебе.","","","","",""
"S """"","S_c90ac7b9","Давай быстрее покончим с этим...","","","","",""
"""""","narrator_b0d8769c","Сара схватилась за свою верхнюю часть брони и резким движением отбросила ее в сторону.","","","","",""
"""""","narrator_0e8efdac","После она как можно быстрее сняла с себя нижнюю часть брони и сам костюм и бросила все в сторону.","","","","",""
"""""","narrator_dafa1a13","На этот раз Сара не прикрывалась и смотрела уверенно, но нотки стыда все еще можно было увидеть у нее на лице.","","","","",""
"A """"","A_a0968d60","Мой член трепещет! Мне уже не терпится приступить к самому интересному!","","","","",""
"""""","narrator_deabea16","Сара, пропустив слова Стукова мимо ушей, закрыла глаза, повернув голову в другую сторону.","","","","",""
"""""","narrator_93b97bb1","Продолжая отводить взгляд от Стукова, Сара раздвинула ноги на ширину плеч и встала в сексуальную позу.","","","","",""
"A """"","A_4e4771c4","Эй, как насчет того, чтобы посмотреть на меня?","","","","",""
"""""","narrator_e9c71e81","Сара нехотя посмотрела прямо в глаза Стукову.","","","","",""
"A """"","A_b575642a","Отлично, можешь начинать, деточка.","","","","",""
"S """"","S_f79c3afe","Т-ты о чем?","","","","",""
"A """"","A_1be87fce","Мне понравилось, как ты в прошлый раз игралась с собой. Теперь я хочу, чтобы ты игралась с собой, пока я буду удовлетворять себя!","","","","",""
"S """"","S_60fef2c5","(...)","","","","",""
"S """"","S_565e1e41","Л-ладно...","","","","",""
"""""","narrator_79fe775c","Сара медленно начала играться со своим клитором, на ее лице в тот же час появились нотки удовольствия.","","","","",""
"S """"","S_c42c05de","(Ммм... ахх...)","","","","",""
"S """"","S_af81abc0","(Мой клитор... он стал таким чувствительным!)","","","","",""
"A """"","A_81b7346a","Давай, расскажи мне, как это — придти к незнакомому мужчине и соблазнять его, играясь своим клитором.","","","","",""
"S """"","S_b6918c41_1","!!!","","","","",""
"S """"","S_c31f8686","Ч-что ты такое говоришь! Э-это все не так.","","","","",""
"A """"","A_1bf768f7","Даже не думай останавливаться, продолжай.","","","","",""
"S """"","S_9125b8f9","Ах... да... х-хорошо.","","","","",""
"A """"","A_fc97b738","Ты из тех девушек, которым нравится, что на них смотрят?","","","","",""
"S """"","S_0fb260aa","(Ах... это не так...)","","","","",""
"S """"","S_bfb91a0b","Мне это совсем не нравится...аххх... ммм...","","","","",""
"A """"","A_1efdd90e","Судя по твоему выражению лица этого не скажешь.","","","","",""
"A """"","A_2f931ce5","Ха-ха-ха.","","","","",""
"S """"","S_c619ed64","(Г-гадкий извращенец!)","","","","",""
"S """"","S_d522772e","(Заставляет меня делать ужасные вещи, а потом говорит, что это я сама по своей воле...)","","","","",""
"A """"","A_276a4c67","Ты становишься все ближе к тому типу женщин, который мне нравятся.","","","","",""
"S """"","S_71e2577a","(Ах, нет, я не такая... это неправда... почему мое тело стало таким развратным... и таким чувствительным...)","","","","",""
"""""","narrator_0dd1a10b","Стуков в момент снял с себя все вещи.","","","","",""
"A """"","A_12db65c1","Посмотри, это все твоя заслуга.","","","","",""
"A """"","A_845d7d58","Я такой твердый благодаря тебе, извращенка. Мой член просто не может дождаться, когда он испустит все на тебя.","","","","",""
"S """"","S_c71308ef","Аххх... нет, не показывай мне его...","","","","",""
"""""","narrator_ab56b1a6","Сама не осознавая этого, Сара начала еще сильнее и быстрее играться со своим клитором.","","","","",""
"S """"","S_f9936287","(Ооода! Как же приятно!)","","","","",""
"S """"","S_b3002317","Аххх... аххх... ммм... даа...","","","","",""
"S """"","S_ac0f419e","(Его член такой твердый... и все это благодаря мне... аххх... черт-черт-черт, откуда у меня эти мысли!)","","","","",""
"S """"","S_9bfcf9d5","(Ему не терпится скорее...)","","","","",""
"S """"","S_a0ed98bd","Сделай это... давай покончим со всем этим как можно скорее.","","","","",""
"A """"","A_cbfa9250","Ха-ха-ха-ха.","","","","",""
"A """"","A_4b55a42f","А ты, я вижу, вошла во вкус. Ну, тогда, я думаю, мне тоже стоит начать.","","","","",""
"""""","narrator_bfebcbc3","*Фап* *фап* *фап*","","","","",""
"S """"","S_96cfbac0","(Я... я... я рядом... ахх... я скоро кончу, еще чуть-чуть аххххх...)","","","","",""
"""""","narrator_91a0cf89","Стуков обхватил рукой свой член и начал удовлетворять себя, жадно смотря на развратное лицо Сары, охваченное удовольствием.","","","","",""
"S """"","S_344619a3","(Ахх... он сейчас ублажает себя и думает о том, какая я извращенка... аххх...)","","","","",""
"S """"","S_feeb2864","(Он думает, что я из числа девушек, которым нравится, когда на них смотрят... но это не так... аххх...)","","","","",""
"S """"","S_4fa222bf","(Я не такая! Я не проиграю ему... ахх... я останусь собой... аххх...ааааххх...)","","","","",""
"S """"","S_af47c921","(Кажется... я... кон... кончаююю...)","","","","",""
"S """"","S_6c47ff9c","Ааааааахх!!!! Ахххххх! АХХХХХХХ!","","","","",""
"S """"","S_215a6a96","МММММ!!!!!","","","","",""
"S """"","S_68c852ce","М-м-м-ммм...!!","","","","",""
"S """"","S_2058f0e0","(Я не могу остановиться, еще-еще-еще!)","","","","",""
"A """"","A_71592792","Хаааааааааааа...","","","","",""
"A """"","A_b4cdae4d","Хо-хо-хо, мне кажется или кто-то только что кончил? Теперь у тебя это выходит куда легче.","","","","",""
"S """"","S_c96b8047","Хаааа... хи-хи-хи... э-то не так...","","","","",""
"S """"","S_d2f3251e","Н-не выдумывай...","","","","",""
"S """"","S_f9614173","(Аххх... черт, это был сильный оргазм...)","","","","",""
"S """"","S_93e429ca","(Когда это мое тело стало таким развратным?)","","","","",""
"S """"","S_a3de3c90","(Мне нужно собраться! Я тут не для того, чтобы получать удовольствие!)","","","","",""
"A """"","A_01fee160","Это было неплохо, извращенка!","","","","",""
"S """"","S_7c0d6ee4","Ахх... я не извращенка...","","","","",""
"A """"","A_675baaf3","Да ты та еще извращенка! Тебе нравится все это: когда смотрят на тебя и жадно удовлетворяют себя.","","","","",""
"S """"","S_0f10d985","Н-ет, это не так!","","","","",""
"A """"","A_90bbee2a","Тебе нравится, когда тебя используют для грязных вещей, тебе нравится быть материалом для дрочки!","","","","",""
"A """"","A_c336d299","АРГХ ПОЛУЧАЙ, СУЧКА!","","","","",""
"S """"","S_b6918c41_2","!!!","","","","",""
"S """"","S_1123fb1b","(Он уже, так скоро???)","","","","",""
"S """"","S_35c978c5","Ах нет, мое тело сейчас такое чувствительное, только не на мое тело, если твоя сперм...!","","","","",""
"""""","narrator_71c569ea","*Взрыв*{w=1.5}{nw}","","","","",""
"S """"","S_a7ea0016","Нет-нет-нет-нет!","","","","",""
"""""","narrator_f42a0908","*Взрыв*{w=0.6}{nw}","","","","",""
"""""","narrator_ad9633cc","*Взрыв*{w=0.6}","","","","",""
"S """"","S_3b4cbe2a","Ах! Ах! Ах!","","","","",""
"S """"","S_91882053","(Кончаю-кончаю-кончаю...!)","","","","",""
"S """"","S_ff5c27ee","Мммм!!!","","","","",""
"S """"","S_b3b00b1e","(Мое тело... н-не надо!)","","","","",""
"S """"","S_41af48bd","Ах-ах-ах-ах!!!","","","","",""
"S """"","S_ff5c27ee_1","Мммм!!!","","","","",""
"""""","narrator_f42a0908_1","*Взрыв*{w=0.6}{nw}","","","","",""
"""""","narrator_f42a0908_2","*Взрыв*{w=0.6}{nw}","","","","",""
"""""","narrator_ad9633cc_1","*Взрыв*{w=0.6}","","","","",""
"S """"","S_2483084a","(Он кончил так много...)","","","","",""
"""""","narrator_6280a0aa","Тело Сары было очень чувствительным после оргазма, и как только сперма Стукова дотронулась до ее кожи, она испытала невыносимое удовольствие.","","","","",""
"A """"","A_38d3d043","Еще один оргазм? Хех, теперь только попробуй мне сказать, что ты не получаешь удовольствие от всего этого!","","","","",""
"S """"","S_2f259fda","Хьяаааа...","","","","",""
"""""","narrator_7f626707","Сара издала странный стон... у нее не было сил сказать что-то внятное. Она еле стояла на ногах.","","","","",""
"A """"","A_abda7119","Ха-ха-ха!","","","","",""
"A """"","A_acc71b86","Хорошая работа, извращенка!","","","","",""
"A """"","A_cff7d477","Сегодня я закрою глаза на то, что ты прикрыла лицо от моей спермы. Но в следующий раз подготовь свое личико как следует.","","","","",""
"A """"","A_cbfa9250_1","Ха-ха-ха-ха.","","","","",""
"S """"","S_aee614ae","Хи-хи-хи...","","","","",""
"S """"","S_58bab840","(П-приятно...к-как... приятно...)","","","","",""
"""""","narrator_d109a966","Сара ничего не слышала, что происходило в данный момент. Все, о чем она могла думать, так это о волнах удовольствиях, которые до сих пор проходили по всему ее телу.","","","","",""
"A """"","A_55dda956","С каждым разом я кончаю все сильнее и сильнее... а это значит, что ты делаешь большие успехи.","","","","",""
"A """"","A_a881e864","Хе-хе-хе!","","","","",""
"""""","narrator_9888ce10","Довольный Стуков неспешно собирает свои вещи и покидает комнату.","","","","",""
"""""","narrator_1d57f58f","Саре понадобилось время, чтобы прийти в чувство. Она никогда в жизни не испытывала ничего похожего.","","","","",""
"S """"","S_e59547aa","(Черт, мое тело до сих пор такое чувствительное...)","","","","",""
"S """"","S_36c1bc08","Э-это он извращенец, а не я! П-придурок, я его прикончу, это все из-за него!!!","","","","",""
"C """"","C_d7277a81","(...)","","","","",""
"S """"","S_ca402525","(Даже не думай!!)","","","","",""
"C """"","C_745a89e0","(Молчу-молчу.)","","","","",""
"S """"","S_94521fb0","Может быть, ты сделаешь одолжение и спустишь мне с рук эту небольшую оплошность?","","","","",""
"""""","narrator_be694075","Сара заискивающе посмотрела на Стукова, надеясь на то, что у нее получится выкрутиться и не получить наказание.","","","","",""
"A """"","A_65766906","Спустить с рук? Ты недостаточно ими работала, чтобы прощать тебе это просто так.","","","","",""
"""""","narrator_d72c63f9","Стуков задумчиво осмотрел Сару с ног до головы, размышляя над возможными вариантами.","","","","",""
"A """"","A_33f1cbf5","Но я, так уж и быть, буду щедр, но не просто так. Что ты можешь предложить мне взамен на то, что я буду милосерден?","","","","",""
"S """"","S_12639b10","Я...","","","","",""
"S """"","S_7d22314e","Буду материалом для дрочки?","","","","",""
"A """"","A_d218b031","Хе-хе-хе, очень интересно. Получается, я буду дрочить за твои пропущенные дни дрочки? А ты хорошо устроилась.","","","","",""
"S """"","S_d896e249","...","","","","",""
"A """"","A_724900e1","Но я же милосерден, поэтому подрочу за тебя на тебя. Мне не жалко, хе-хе.","","","","",""
"S """"","S_415a3562","(Говорит так, будто действительно делает мне невероятную услугу, а не дрочит на меня, как делает каждый день.)","","","","",""
"S """"","S_dd5d4d18","Спасибо... Тогда я сейчас же надену комплект и...","","","","",""
"A """"","A_5ead79eb","Не-е-ет, это будет особенный материал для дрочки.","","","","",""
"A """"","A_98377bbc","Тот комплект не подойдет для этого ответственного события.","","","","",""
"S """"","S_37e62508","Тогда что мне надеть? Или ты ожидаешь, что я буду голой?","","","","",""
"A """"","A_7ecd70ac","Я бы не отказался, хе-хе. На этот случай я как раз подготовил что-то особенное.","","","","",""
"A """"","A_2284b22b","Ты готова увидеть свой новый наряд?","","","","",""
"S """"","S_82599fad","Ты уверен, что это необходимо? Я не против новых вещей, у меня здесь не такой уж и большой гардероб... Но тот черный комплект выглядит очень даже сексуально.","","","","",""
"S """"","S_2ce69161","И я уже привыкла к нему, мне он нравится.","","","","",""
"S """"","S_dfa18aa4","(Да... Он весьма горячо смотрится на мне, хи-хи.)","","","","",""
"A """"","A_1b41b486","Я очень рад, что тебе так понравился мой выбор, но пора переходить на что-то новенькое.","","","","",""
"A """"","A_5538d5f6","Тем более это ты прогуливала дрочку и это ты попросила меня проигнорировать этот факт.","","","","",""
"A """"","A_93accae8","Так что ты более чем должна быть заинтересована, чтобы мне все понравилось. В том числе и наряд.","","","","",""
"S """"","S_fd1c1578","(С ним ведь не поспоришь...)","","","","",""
"S """"","S_32e89fd9","Конечно, все что пожелаешь.","","","","",""
"A """"","A_f120168b","Охо-хо, если уж все, что я пожелаю... Хм, для разнообразия хочу увидеть действи-и-ительно хороший материал для дрочки, хе-хе.","","","","",""
"A """"","A_57cf60ac","С нетерпением жду увидеть результат.","","","","",""
"""""","narrator_68080677","Стуков с довольным выражением лица передал Саре новый костюм, давая ей время подготовиться.","","","","",""
"""""","narrator_41095e72","Сара долго пыталась сделать все по инструкции Стукова. Она чувствовала себя странно в таком образе.","","","","",""
"S """"","S_e0171c53","Э-этот наряд...","","","","",""
"Aside11 """"","Aside11_640e97fb","Вау... Это именно то, что я хотел! Дрочить на тебя будет одно удовольствие хе-хе.","","","","",""
"S """"","S_f665f691","Т-ты уверен, что все именно так и должно быть?","","","","",""
"A """"","A_e122fe7e","Абсолютно!","","","","",""
"A """"","A_f0e80afa","Мне все больше и больше нравятся твои нарушения правил. После них такие приятные бонусы, хах.","","","","",""
"""""","narrator_e894ecb6","Стуков не стал терять драгоценное время, снимая с себя вещи.","","","","",""
"S """"","S_a5ecd389","Не говори об этом так...","","","","",""
"A """"","A_17e0ab89","А теперь мы с радостью можем перейти к самому интересному...","","","","",""
"S """"","S_d8ba375a","Тебе не кажется, что все это выглядит... Нелепо?","","","","",""
"A """"","A_ab48636e","Нет, все как раз так, как я представлял.","","","","",""
"A """"","A_e1ad9ce1","Или тебя что-то не устраивает?","","","","",""
"""""","narrator_5d081fd5","Сара еще раз осмотрела себя.","","","","",""
"S """"","S_d62fc832","(Какая разница, в чем я? Я же все равно себя не вижу, а главной задачей сейчас является удовлетворить потребности Стукова.)","","","","",""
"Sfm4 """"","Sfm4_43bffd05","Нет, все нормально. Главное, чтобы тебе нравилось использовать меня как материал для дрочки.","","","","",""
"Afm4 """"","Afm4_1ce6eaf6","А ты поднабралась опыта за все наши тренировки.","","","","",""
"Sfm4 """"","Sfm4_ca008f2a","Я стараюсь быть лучшим материалом для дрочки.","","","","",""
"Sfm4 """"","Sfm4_44e0928b","(Как же все это унизительно... Такое ощущение, будто я просто безвольная кукла для удовлетворения потребностей.)","","","","",""
"Afm4 """"","Afm4_8b6e5fda","Хе-хе, идеально! Ты не прогадала с этими макияжем и прической, Сара. Твое развратное тело в этом костюме... Этот вызывающий макияж и прическа... Ты идеально подходишь на роль тупой куклы.","","","","",""
"Sfm4 """"","Sfm4_abc49918","(Ну конечно, что же еще Стуков мог придумать...)","","","","",""
"Sfm4 """"","Sfm4_5326b9d1","Я очень рада, что смогла сделать все правильно.","","","","",""
"Afm4 """"","Afm4_fa8caeeb","Хе-хе, знаешь, я бы хотел, чтобы ты ленилась так каждый раз.","","","","",""
"Afm4 """"","Afm4_bf114d12","Ты становишься такой податливой, когда хочешь избежать наказания. Это может очень продвинуть нас в тренировках.","","","","",""
"Sfm4 """"","Sfm4_7536d426","(Или ты просто хочешь воплотить в жизнь все свои пошлые фантазии, грязный извращенец.)","","","","",""
"Nfm4 """"","Nfm4_792c96e8","Стуков крепко взялся за свой член, с большим удовольствием надрачивая на предложенный материал.","","","","",""
"Sfm4 """"","Sfm4_ab5f2917","Ты начал делать это еще сильнее...","","","","",""
"Afm4 """"","Afm4_88b906bd","Давай называть вещи своими именами.","","","","",""
"Afm4 """"","Afm4_aa004aa1","Конечно, я стал дрочить на тебя сильнее. Ты привыкла к предыдущему белью и пытаешься показать, как тебе непривычно и неловко сейчас, но я вижу, как ты иногда опускаешь свой взгляд.","","","","",""
"Afm4 """"","Afm4_1dac855e","И я полностью разделяю твой интерес к этому наряду. А особенно мне интересен твой макияж и то, как он потечет.","","","","",""
"Afm4 """"","Afm4_a45a2a72","Прямо как течешь ты сейчас, хе-хе.","","","","",""
"Sfm4 """"","Sfm4_ffcd304c","!!!","","","","",""
"Sfm4 """"","Sfm4_a1bc8794","(Я слышала от него уже столько пошлостей, но каждый раз как первый...)","","","","",""
"Afm4 """"","Afm4_4fb95c2b","Хах, не притворяйся наивной дурочкой, будто тебя это смущает. Мы уже через многое прошли.","","","","",""
"Afm4 """"","Afm4_71823667","Оставь этот образ на концовку, чтобы я хорошенько кончил.","","","","",""
"Sfm4 """"","Sfm4_74fd8a0c","(Как будто раньше ты без этого кончить не мог... Мне действительно придется делать это?)","","","","",""
"Afm4 """"","Afm4_d2f278ba","Давай же, развлеки меня как следует, чтобы у нас двоих было прекрасное времяпрепровождение за этот день.","","","","",""
"Afm4 """"","Afm4_e16c8497","Ты же хочешь, чтобы я остался полностью доволен твоей работой и, может быть, простил тебе еще что-нибудь в следующий раз? Ммм?","","","","",""
"Sfm4 """"","Sfm4_e90c38cf","Да... Пожалуйста. Я хочу, чтобы ты кончил как следует сегодня.","","","","",""
"Sfm4 """"","Sfm4_ae15fdde","(Я точно буду более ответственно подходить к тренировкам с этого дня.)","","","","",""
"Sfm4 """"","Sfm4_419991ce","(И прошлые тренировки нужно было ценить больше, чем я это делала...)","","","","",""
"Nfm4 """"","Nfm4_7a4be7ac","Стуков был очень доволен покладистостью Сары, начиная быстрее водить рукой по члену. Его глаза постоянно бегали по телу Сару, возвращаясь к лицу.","","","","",""
"Afm4 """"","Afm4_8bf47227","Никак не могу решиться. Кончить тебе на лицо или, как обычно, дать тебе выбор?","","","","",""
"Sfm4 """"","Sfm4_ffcd304c_1","!!!","","","","",""
"Sfm4 """"","Sfm4_7b5385fb","Я-я... Я ведь была непослушной. Разве мне можно давать выбор?","","","","",""
"Afm4 """"","Afm4_6c7f06ce","Хм, а мне нравится ход твоих мыслей, хе-хе.","","","","",""
"Nfm4 """"","Nfm4_8895fbfd","Фап-фап-фап.","","","","",""
"Nfm4 """"","Nfm4_04993bdc","Стуков полностью погружался в свои фантазии, не прекращая пошло пялиться на тело Сары.","","","","",""
"Nfm4 """"","Nfm4_c47fa273","Сара постанывала в ответ Стукову, заставляя его член твердеть все больше.","","","","",""
"Afm4 """"","Afm4_0747121e","Но не-е-ет... Сегодня у нас будет день нововведений!","","","","",""
"Sfm4 """"","Sfm4_70ed1108","(!!!)","","","","",""
"Sfm4 """"","Sfm4_92291732","(Боюсь, я не готова ко всему новому за сегодня.)","","","","",""
"Sfm4 """"","Sfm4_8b79b245","Может быть, мы повременим и остановимся на привычном варианте?","","","","",""
"Afm4 """"","Afm4_b2aa8e07","Неужели ты не хочешь попробовать? Я вижу, как сильно ты уже завелась.","","","","",""
"Sfm4 """"","Sfm4_cff23321","(Может, он прав... Я ведь ничего не потеряю, если соглашусь.)","","","","",""
"Sfm4 """"","Sfm4_2666ac9c","Наверное...{w} Я хочу попробовать.","","","","",""
"Afm4 """"","Afm4_d0964b07","Прекрасно...","","","","",""
"Afm4 """"","Afm4_b707c710","Хотя не то чтобы у тебя был выбор, хе-хе.","","","","",""
"Nfm4 """"","Nfm4_8895fbfd_1","Фап-фап-фап.","","","","",""
"Nfm4 """"","Nfm4_1d1b7c9e","Стуков начал двигать рукой еще быстрее, немного отдаляясь от Сары.","","","","",""
"Afm4 """"","Afm4_ab4b70c9","А сейчас отодвинь свои трусики.","","","","",""
"Sfm4 """"","Sfm4_db6d0cc2","Ха?... Это еще зачем?","","","","",""
"Afm4 """"","Afm4_685e75e0","Все тебе расскажи. Раньше у нас с женой была одна наша любимая игра.","","","","",""
"Sfm4 """"","Sfm4_7edbccce","(Это уже о многом говорит...)","","","","",""
"Afm4 """"","Afm4_245a667d","Я думаю, ты знаешь о ней. Дартс. Прекрасная игра, не так ли?","","","","",""
"Sfm4 """"","Sfm4_875ea048","Д-да... Игра неплоха, но почему ты вспомнил о ней в такой момент...","","","","",""
"Sfm4 """"","Sfm4_dbf1e907","Не вижу, чтобы у тебя были дротики для такого случая.","","","","",""
"Afm4 """"","Afm4_7901ad24","Ха-ха, у меня есть один достаточно большой дротик. И он прямо перед твоими глазами.","","","","",""
"Sfm4 """"","Sfm4_f27397c4","Я не совсем... Понимаю.","","","","",""
"Afm4 """"","Afm4_2b0906e2","Да-а, это именно то, о чем ты подумала.","","","","",""
"Sfm4 """"","Sfm4_6dfa2b25","...","","","","",""
"Sfm4 """"","Sfm4_01ba5ef8","(Грязный извращенец! Он даже это сумел извратить!)","","","","",""
"""""","narrator_268651d4","Стуков довольно улыбнулся, замечая выражение лица Сары.","","","","",""
"Afm4 """"","Afm4_6838280a","Отлично, раз ты уже согласилась на это, то давай начинать, куколка!","","","","",""
"Afm4 """"","Afm4_5586cc0a","Все что тебе нужно, это стоять там и конечно же отодвинь свое нижнее белье и продолжай заводить меня, чтобы я попал точно в цель!","","","","",""
"Sfm4 """"","Sfm4_be3ef984","Ц-цель?","","","","",""
"Afm4 """"","Afm4_ff7e9d92","Моей главной целью являются твои трусики. Они и так уже промокли от твоих соков, но мы добавим к ним еще больше жидкости, хе-хе.","","","","",""
"Afm4 """"","Afm4_fb3f3f4a","Раньше я без проблем попадал в 'яблочно'. А талант ведь не пропьешь!","","","","",""
"Sfm4 """"","Sfm4_9ca6774f","(‘Я-яблочко’ мои трусики? Он совсем сума сошел? Они действительно играли в такую игру с женой??? Да быть такого не может!)","","","","",""
"Sfm4 """"","Sfm4_781ad1fd","Мммм...{w} Я ведь не знала, на что соглашаюсь. Поэтому, может быть, аннулируем мое согласие на это?","","","","",""
"Afm4 """"","Afm4_24301b28","Аннулируем, как и наше соглашение спустить тебе все с рук? Лучше отодвинь белье и стой смирно. Дай Стукову вспомнить былые времена.","","","","",""
"Afm4 """"","Afm4_b5dda303","Можешь даже открыть свой болтливый рот пошире. Вдруг я промахнусь и у тебя будет дополнительная порция еды, хе-хе.","","","","",""
"Sfm4 """"","Sfm4_569b818f","Я не...","","","","",""
"Nfm4 """"","Nfm4_f4efcc5b","Стуков уже не слушал Сару. Он четко видел цель и шел к ней, ускоряя темп.","","","","",""
"Sfm4 """"","Sfm4_80b1a183","(Грубиян...)","","","","",""
"Afm4 """"","Afm4_99cc4061","И не забывай о том, что на тебе надето сегодня. Ты же хочешь, чтобы я попал прямо в твое белье?","","","","",""
"Sfm4 """"","Sfm4_7d5847ca","Ха-ха... Конечно, я хочу, чтобы ты воспользовался своей глупой куклой и попал прямо в трусики.","","","","",""
"Afm4 """"","Afm4_f5b674d3","Черт! Это то, что нужно! Продолжай...","","","","",""
"Nfm4 """"","Nfm4_f5758a21","Стуков усиленно прицеливался, продолжая готовить материал для стрельбы.","","","","",""
"Sfm4 """"","Sfm4_fb478e83","Мне так хочется почувствовать твою горячую сперму на своей коже. Я выгляжу достаточно глупо, чтобы ты кончил на меня?","","","","",""
"Afm4 """"","Afm4_4dfbea5b","Еще!!! Моя жена всегда подбадривала меня, чтобы я попал прямо в трусики! Давай же, сделай это и ты!","","","","",""
"Sfm4 """"","Sfm4_6611a92d","(Больной извращенец... о чем он только думает...)","","","","",""
"Sfm4 """"","Sfm4_8f17e9f9","Д-давай, у тебя получится!","","","","",""
"Afm4 """"","Afm4_b297d4ba","Тебе нужно вложить больше любви в слова! Так я ни за что не попаду в в цель!","","","","",""
"Sfm4 """"","Sfm4_6dfa2b25_1","...","","","","",""
"Sfm4 """"","Sfm4_17453f36","Милый, постарайся как следует и попади прямиком в мои мокрые трусики... ~♥","","","","",""
"Afm4 """"","Afm4_e08acaae","Это уже лучше... а теперь скажи, из-за чего они такие мокрые?","","","","",""
"Sfm4 """"","Sfm4_4815a6a7","(Ах... чертов извращенец...)","","","","",""
"Sfm4 """"","Sfm4_aa8d6d8e","Из-за нашей с тобой игры, в которую мы любим играть... я вся мокрая в ожидании, что ты зальешь мои трусики... это так грязно и я так люблю...","","","","",""
"Sfm4 """"","Sfm4_68993863","(Черт, чем я больше говорю, тем больше начинаю течь...)","","","","",""
"Afm4 """"","Afm4_bc3bae03","Ооо да... это уже лучше! Еще совсем чуть-чуть и я буду готов!","","","","",""
"Sfm4 """"","Sfm4_29c84840","Д-давай, милый, ты попадешь точно в цель, я рассчитываю на тебя ~♥!","","","","",""
"Sfm4 """"","Sfm4_7750c066","(Держать свое белье и просить, чтобы туда кончили, это супер пошло... ах ~♥ )","","","","",""
"Afm4 """"","Afm4_910a172e","Арх... ты как всегда прекрасный материал для дрочки, этого более чем достаточно!!","","","","",""
"Nfm4 """"","Nfm4_8895fbfd_2","Фап-фап-фап.","","","","",""
"Afm4 """"","Afm4_9a057899","Не забудь как следует открыть ротик пошире!","","","","",""
"Nfm4 """"","Nfm4_a076f0af","*Хлюп*","","","","",""
"Nfm4 """"","Nfm4_a64fdc9a","Стуков немного промазал, попадая на живот Сары.","","","","",""
"Sfm4 """"","Sfm4_b82cb06d","Ахххах...Так приятно~♥","","","","",""
"Sfm4 """"","Sfm4_6594b402","(Это... Немного необычные ощущения. Совсем не то, что я могла ожидать.)","","","","",""
"Nfm4 """"","Nfm4_14918de2","Сперма стала растекаться по животу, стекая вниз.","","","","",""
"Afm4 """"","Afm4_6c006596","Черт! А я ведь был так близко...","","","","",""
"Afm4 """"","Afm4_faeef6d0","Все же время никого не щадит и мой прицел слегка сбился, но это все поправимо.","","","","",""
"Afm4 """"","Afm4_4ded32b8","Моей спермы хватит на еще на несколько выстрелов, хе-хе.","","","","",""
"Sfm4 """"","Sfm4_f976e6a2","(Еще несколько? Черт... а хватит ли меня?...)","","","","",""
"Sfm4 """"","Sfm4_9c20bc94","(Я все еще чувствую прошлое попадание на мне и это кардинально отличается от наших прошлых тренировок.)","","","","",""
"Sfm4 """"","Sfm4_4d486d91","(Ммм... От удара спермы о кожу пошла такая приятная вибрация... Что будет, если он попадет ниже?)","","","","",""
"Sfm4 """"","Sfm4_2b701e7c","(Она такая горячая...)","","","","",""
"Afm4 """"","Afm4_0768d22f","Давай, у меня еще есть заряды для тебя. Так что продолжай подбадривать меня, скажи, как сильно ты хочешь, чтобы я кончил тебе в трусики.","","","","",""
"Afm4 """"","Afm4_59e4e773","Как сильно хочешь, что моя сперма попала прямо в твое яблочко, хе-хе. Как тебе было приятно, что я кончил на тебя.","","","","",""
"Nfm4 """"","Nfm4_4b30bee3","Тело Сары немного потряхивало от получаемого удовольствия.","","","","",""
"Sfm4 """"","Sfm4_83404d35","(Я не должна так реагировать на его слова... Ах, но почему-то меня так заводит все, что здесь происходит.)","","","","",""
"Sfm4 """"","Sfm4_0fa85d99","Я... Дорогой... мне очень понравилось, как ты кончил на меня. Это было так приятно... Но в следующий раз я бы все же хотела, чтобы ты не промахнулся и попал прямо в мои трусики.","","","","",""
"Sfm4 """"","Sfm4_1584b28f","(И что я говорю... Все это так смущает. Мое тело горит!)","","","","",""
"Afm4 """"","Afm4_6a4e0aa3","Черт, повиляй немного задницей. Я обожал, когда она так делала, это прямо супер пошло!","","","","",""
"Sfm4 """"","Sfm4_5153fe97","Х-хорошо, только обязательно попади в цель! С-сюда!","","","","",""
"Nfm4 """"","Nfm4_8895fbfd_3","Фап-фап-фап.","","","","",""
"Nfm4 """"","Nfm4_0a167804","Стуков продолжил дрочить, снова намечая свою главную цель. В тоже время Сара слегка повиливала бедрами, показывая, насколько сильно она хотела, чтобы он попал именно в цель. В этот раз он был еще более сосредоточен на происходящем.","","","","",""
"Afm4 """"","Afm4_d4b42484","Да, продолжай в том же духе!","","","","",""
"Sfm4 """"","Sfm4_7ead66e1","Хах... Мне так нравится то, что ты придумал сегодня. Быть твоей мишенью – это честь для меня, но еще большая честь будет, если ты не промахнешься!","","","","",""
"Afm4 """"","Afm4_3e241293","Хах, тогда у меня не остается выбора, как только попасть!","","","","",""
"Afm4 """"","Afm4_8fe5db52","А давай сделаем кое-что интересное. Например, испортим твой макияж.","","","","",""
"Afm4 """"","Afm4_009173cf","Сделаем из тебя настоящую куклу для дрочки, хе-хе.","","","","",""
"Sfm4 """"","Sfm4_34b2b85b","На лицо? Только не это...","","","","",""
"Afm4 """"","Afm4_5409538d","Получай!","","","","",""
"Sfm4 """"","Sfm4_da5f39dc","Ахх... мое лицо... ммм...","","","","",""
"Nfm4 """"","Nfm4_be2fe44d","Сперма небольшими подтеками стекала по лицу и шее Сары, размывая макияж по ее коже.","","","","",""
"Afm4 """"","Afm4_a51ae932","Теперь ты выглядишь так, будто провела действительно хороший день, хе-хе.","","","","",""
"Sfm4 """"","Sfm4_04d2b76a","(Я скорее похожа на шлюшку во время рабочего процесса...)","","","","",""
"Afm4 """"","Afm4_2e4d4128","Это, конечно, не яблочко... но тоже неплохо, хе-хе...","","","","",""
"Sfm4 """"","Sfm4_cdcc0bc9","(Черт... он кончил мне прямо на лицо... как он вообще попал... ах...)","","","","",""
"Afm4 """"","Afm4_4a7c3390","Как насчет твоих прелестей, хе-хе?","","","","",""
"Sfm4 """"","Sfm4_86b14356","Они же такие чувствительные сейчас...","","","","",""
"Afm4 """"","Afm4_387de8e0","Получай!","","","","",""
"Sfm4 """"","Sfm4_fa95d3a2","Ммм...","","","","",""
"Nfm4 """"","Nfm4_5ca3844c","Сперма пачкала костюм и грудь Сары, заставляя ее выпирать.","","","","",""
"Sfm4 """"","Sfm4_1e36c9e9","Ах! Моя грудь... Так приятно.","","","","",""
"Afm4 """"","Afm4_ac33a9b9","Какой отличный вид... Но у нас все же есть цель поважнее.","","","","",""
"Afm4 """"","Afm4_a6e51df9","Готовь свои трусики, потому что они сейчас насквозь промокнут, АРХГ!!!","","","","",""
"Sfm4 """"","Sfm4_4fac86ef","Да, кончи прямо в них.","","","","",""
"Afm4 """"","Afm4_f29d1797","Получай!","","","","",""
"Sfm4 """"","Sfm4_dc604ea7","Иииии!!!","","","","",""
"Nfm4 """"","Nfm4_a820f1e0","Сперма забрызгала низ живота и бедра Сары, заставляя девушку мелко задрожать от удовольствия.","","","","",""
"Afm4 """"","Afm4_58681fec","Ха! Я же говорил, что талант не пропьешь!","","","","",""
"Sfm4 """"","Sfm4_82be1210","Да...","","","","",""
"Afm4 """"","Afm4_97bc86de","Вижу, ты ни капли не огорчена результатом, хе-хе.","","","","",""
"Sfm4 """"","Sfm4_1149fb6b","(Он не попал...)","","","","",""
"Sfm4 """"","Sfm4_5ac87c57","!!!","","","","",""
"Sfm4 """"","Sfm4_e6c40bb7","(Я что, немного расстроилась из-за этого???)","","","","",""
"Afm4 """"","Afm4_8a4176a6","Это просто неудачная попытка. Я все еще уверен, что смогу попасть!","","","","",""
"Afm4 """"","Afm4_ab299244","Отлично, давай еще немного повеселимся. Думаю, будет неплохо закрепить результат.","","","","",""
"Sfm4 """"","Sfm4_46acbcb9","Х-хорошо...","","","","",""
"Sfm4 """"","Sfm4_fe73ead1","(Мне опять нужно это делать...)","","","","",""
"Sfm4 """"","Sfm4_352368d4","Давай же, попади прямо в трусики.","","","","",""
"Nfm4 """"","Nfm4_e4d21207","Фап-фап-фап.","","","","",""
"Nfm4 """"","Nfm4_0b47fb44","С этими словами девушка снова начала вилять бедрами, говоря не только ртом, но и еще телом.","","","","",""
"Afm4 """"","Afm4_06b5f526","Когда ты так просишь, я просто не могу промазать!","","","","",""
"Sfm4 """"","Sfm4_4245b904","Кончай-кончай-кончай, {size=+4}а-а-а-а-а-а-а{/size}...","","","","",""
"Afm4 """"","Afm4_0ef75960","Арг!!! Я даже не знаю, что хочу заполнить больше, твой ротик или твои трусики!","","","","",""
"Sfm4 """"","Sfm4_ed392102","Тру-си-ки! ~♥ Тру-си-ки! ~♥ Давай, кончай!","","","","",""
"Sfm4 """"","Sfm4_2588e383","(Мне кажется, что я уже перегибаю... но только так все быстрее закончится...)","","","","",""
"Afm4 """"","Afm4_c11cee13","Как скажешь!!!","","","","",""
"Afm4 """"","Afm4_460fde0a","ЛЕТИ-И-И-И-И!!!","","","","",""
"Sfm4 """"","Sfm4_f9dca3e0","Мнгф!!!","","","","",""
"Sfm4 """"","Sfm4_632f7aab","(И-идиот, он попал прямо мне в рот!!!)","","","","",""
"Afm4 """"","Afm4_0c77e245","{size=+10}Ох-хо, как в старые добрые времена! Вот черт, это было сильно.{/size}","","","","",""
"Sfm4 """"","Sfm4_d6014462","Ммммнг....","","","","",""
"""""","narrator_b69e2b7f","Стуков сам не ожидал, что попадет прямо Саре в рот. Девушка, не растерявшись, сразу же закрыла рот, чтобы не выпустить сперму.","","","","",""
"Afm4 """"","Afm4_2dbe77c1","Ха-ха-ха, это просто замечательный исход!","","","","",""
"Sfm4 """"","Sfm4_c62bed0d","(Э-это не то, о чем мы договаривались, ч-что мне делать с его спермой... ах, она такая теплая и она сводит меня сума...)","","","","",""
"Afm4 """"","Afm4_a0eb2331","!!!","","","","",""
"Sfm4 """"","Sfm4_d4c6f30f","В-выбора нет... я должна ее...","","","","",""
"Afm4 """"","Afm4_a0eb2331_1","!!!","","","","",""
"Sfm4 """"","Sfm4_f6f4862f","Хееее... и-идиот, мы о таком не договаривались!","","","","",""
"Afm4 """"","Afm4_ab923244","А это был сильный ход, я не думал, что ты сразу же ее проглотишь, хех.","","","","",""
"Sfm4 """"","Sfm4_97fb435c","А что мне оставалось с ней делать, по-твоему???","","","","",""
"Nfm4 """"","Nfm4_519665d1","Спустя мгновение, девушка поняла, что в данной ситуации она даже не расценивала вариант выплюнуть ее, это произошло рефлекторно. Неизвестно, будь тому причиной прием пищи или изменение мышления Сары.","","","","",""
"Sfm4 """"","Sfm4_0d1804f3","...","","","","",""
"Afm4 """"","Afm4_e18d690e","Ну зато сможешь пропустить завтрак сегодня. ХА-ХА-ХА!","","","","",""
"Sfm4 """"","Sfm4_6c34007b","(Придурок...)","","","","",""
"Sfm4 """"","Sfm4_277427ab","Просто целиться нужно лучше!!! Я что, зря тебя подбадриваю и отодвигаю трусики?","","","","",""
"Afm4 """"","Afm4_2f2dfeb3","Ну прости-прости, в следующий раз я точно попаду в 'яблочко'.","","","","",""
"Sfm4 """"","Sfm4_0d1804f3_1","...","","","","",""
"Afm4 """"","Afm4_460fde0a_1","ЛЕТИ-И-И-И-И!!!","","","","",""
"Sfm4 """"","Sfm4_82840e56","Ммм...","","","","",""
"Nfm4 """"","Nfm4_2177f13e","Сперма пачкала костюм и грудь Сары, заставляя ее выпирать.","","","","",""
"Sfm4 """"","Sfm4_f5cd87c1","Ах! Моя грудь... Так приятно.","","","","",""
"Afm4 """"","Afm4_c764756d","Какой отличный вид... Но у нас все же есть цель поважнее.","","","","",""
"Afm4 """"","Afm4_460fde0a_2","ЛЕТИ-И-И-И-И!!!","","","","",""
"Nfm4 """"","Nfm4_a51f6144","Стуков кончил последний раз, довольно осматривая проделанную работу.","","","","",""
"Sfm4 """"","Sfm4_fb6bb4a8","Ха-а-а-а-а-а-а...","","","","",""
"Sfm4 """"","Sfm4_c0e54d05","(Все мое тело... Оно реагирует так остро.)","","","","",""
"Afm4 """"","Afm4_f9ecabb3","Хе-хе, я отлично справился! Могу еще тряхнуть стариной, не потерял навыки!","","","","",""
"Afm4 """"","Afm4_d8b9fa6f","Ты тоже хорошо справилась с образом и помогла мне тем, что не двигалась.","","","","",""
"Afm4 """"","Afm4_c9de0a8f","Хотя я бы попал в любом случае, хе-хе.","","","","",""
"Sfm4 """"","Sfm4_d7bd3ed0","(Какой самоуверенный.)","","","","",""
"Afm4 """"","Afm4_2f36476d","Мы с женой не просто играли в дартс. Иногда я попадал в мишень на ходу... Отличные были времена.","","","","",""
"Afm4 """"","Afm4_62421fcf","А ты... Так и собираешься стоить?","","","","",""
"Sfm4 """"","Sfm4_221742bf","Что?","","","","",""
"Sfm4 """"","Sfm4_45a2bdd0","(А что он еще от меня ожидает?)","","","","",""
"Afm4 """"","Afm4_8768a9ee","Давай, сделай это.","","","","",""
"Sfm4 """"","Sfm4_c2bbd543","О чем ты говоришь?","","","","",""
"Afm4 """"","Afm4_047b9270","Выполни священную часть ритуала.","","","","",""
"Sfm4 """"","Sfm4_0d1804f3_2","...","","","","",""
"Afm4 """"","Afm4_61599f5c","Точно... Ты же не знаешь.","","","","",""
"Afm4 """"","Afm4_4f444d12","У нас с женой был особенный ритуал, который закреплял удачный выстрел. Если я попадал в трусики, нужно обязательно отпустить их и позволить сперме постичь тесную связь с киской.","","","","",""
"Sfm4 """"","Sfm4_40292a7c","Ты в своем уме? Это же так грязно и липко... ~♥","","","","",""
"Sfm4 """"","Sfm4_eac1e85d","Твоя сперма и так сейчас нарывается на близкий контакт с моей киской, стекая по трусикам.","","","","",""
"Sfm4 """"","Sfm4_e5b42bac","А что будет, если их и вовсе отпустить...","","","","",""
"Afm4 """"","Afm4_459a35eb","Это ведь священный ритуал и... Да и я по твоим глазкам вижу, что ты хочешь это сделать!","","","","",""
"Sfm4 """"","Sfm4_5ac48870","Что??? Не выдумывай...","","","","",""
"Afm4 """"","Afm4_bd1f538a","Священными ритуалами нельзя брезговать.","","","","",""
"Sfm4 """"","Sfm4_44dc3f47","Мммх...","","","","",""
"Nfm4 """"","Nfm4_d810e965","Сара отпустила руки, чувствуя, как теплая сперма растекалась по ее промежности.","","","","",""
"Sfm4 """"","Sfm4_e75f1e86","{size=+6}Мммммм!!! ~♥{/size}","","","","",""
"Sfm4 """"","Sfm4_ea43e234","(Ха! Как же приятно! Его горячая сперма касается моей киски!)","","","","",""
"Sfm4 """"","Sfm4_f586c9bc","Аххх... Ммм...","","","","",""
"Sfm4 """"","Sfm4_9f87cbdc","Это так необычно!","","","","",""
"Afm4 """"","Afm4_97b57313","Так, может быть, повторим? Это самый лучший момент во всей игре, не стоит отказывать себе в удовольствии. Стоит только посмотреть на твою реакцию и сразу же снова колом стоит!","","","","",""
"Sfm4 """"","Sfm4_0fe6d0e6","!!!","","","","",""
"Sfm4 """"","Sfm4_3427eb18","Н-не сейчас... ~♥","","","","",""
"Sfm4 """"","Sfm4_f180842d","(Аххх... Моя киска горит...)","","","","",""
"Sfm4 """"","Sfm4_94d73bfe","(Это все так грязно! И приятно.)","","","","",""
"Nfm4 """"","Nfm4_d3351265","Стуков кончил последний раз, вздыхая от разочарования.","","","","",""
"Sfm4 """"","Sfm4_3165af89","(Стуков... расстроен?)","","","","",""
"Afm4 """"","Afm4_5ccd9e0f","Неужели я потерял сноровку?!","","","","",""
"Afm4 """"","Afm4_187648ca","Раньше я без усилий мог попасть в цель, а сейчас?","","","","",""
"Sfm4 """"","Sfm4_b2fda368","Но в этом же нет ничего такого... Немного практики и ты все восполнишь.","","","","",""
"Afm4 """"","Afm4_34cde582","Я раньше попадал даже в движущуюся мишень! Мне нужно хорошенько вспомнить былые времена и как следует потренироваться.","","","","",""
"Sfm4 """"","Sfm4_b4ebcc87","(Надеюсь, он не включит это в наши тренировки в расстроенных чувствах.)","","","","",""
"Afm4 """"","Afm4_c1734e3d","С этими зергами и совсем себя запустил. Ладно, хех, тогда я жду нашего следующего раза.","","","","",""
"Sfm4 """"","Sfm4_0fe6d0e6_1","!!!","","","","",""
"Afm4 """"","Afm4_7f4ca6a7","А я так надеялся на священный ритуал...","","","","",""
"Sfm4 """"","Sfm4_406da100","На что?","","","","",""
"Afm4 """"","Afm4_13d2ce11","Хех, в следующий раз узнаешь!","","","","",""
"Sfm4 """"","Sfm4_0d1804f3_3","...","","","","",""
"Afm4 """"","Afm4_56402094","В любом случае ты хорошо потрудилась и я закрою глаза на твой пропуск..","","","","",""
"Afm4 """"","Afm4_552d7a00","Но это не значит, что ты можешь относится теперь к своим тренировкам безответственно. Я не всегда буду так добр.","","","","",""
"Afm4 """"","Afm4_2922c50c","Но и не прочь повеселиться, хе-хе.","","","","",""
"Sfm4 """"","Sfm4_c8d396da","Да, конечно.","","","","",""
"Nfm4 """"","Nfm4_1b956132","Стуков направился к выходу из комнаты, оставляя Сару в легком недоумении.","","","","",""
"Sfm4 """"","Sfm4_a4973117","А вещи?","","","","",""
"Afm4 """"","Afm4_38194c76","Вещи можешь оставить себе...","","","","",""
"Sfm4 """"","Sfm4_e65007ac","Зачем мне твои вещи?","","","","",""
"Afm4 """"","Afm4_c1e13a6d","Упс...","","","","",""
"Afm4 """"","Afm4_91738cb4","Эта небольшая победа так вскружила мне голову.","","","","",""
"Sfm4 """"","Sfm4_df8d8a87","Это же не победа, ты же не попал даже?","","","","",""
"Afm4 """"","Afm4_734f695a","Знаешь, моя жена иногда хитрила, и ловила ртом летящую сперму, так вот ты мне напомнила эти прекрасные моменты.","","","","",""
"Afm4 """"","Afm4_5de5788f","Из-за этого это тоже для меня маленькая победа, хе-хе-хе.","","","","",""
"Sfm4 """"","Sfm4_3873c265","(Они оба больные... как вообще можно чем-то подобным заниматься, да и еще с мужем...)","","","","",""
"Sfm4 """"","Sfm4_0d1804f3_4","...","","","","",""
"Afm4 """"","Afm4_1992217c","А этот костюмчик лучше пусть полежит у тебя, вдруг пригодится еще, хе-хе.","","","","",""
"Nfm4 """"","Nfm4_f952c4bb","Стуков быстро забрал свои вещи и исчез из комнаты, что-то насвистывая.","","","","",""
"Afm4 """"","Afm4_4c17dea6","Я... Черт, теперь все валится из рук. Нужно срочно приводить себя в порядок.","","","","",""
"Nfm4 """"","Nfm4_5d42c864","Стуков вел себя очень рассеянно, пытаясь собрать и надеть свои вещи.","","","","",""
"Sfm4 """"","Sfm4_95b24085","А что мне делать с этим нарядом?","","","","",""
"Afm4 """"","Afm4_4bb3d8cb","Пусть будет у тебя, он нам еще пригодится.","","","","",""
"Afm4 """"","Afm4_9cca3eaf","В следующий раз мы обязательно проведем ритуал! Так что будь готова.","","","","",""
"Nfm4 """"","Nfm4_0ed59b05","Стуков больше ничего не сказал, покидая комнату, о чем-то сосредоточенно думая.","","","","",""
"Sfm4 """"","Sfm4_0d1804f3_5","...","","","","",""
"Sfm4 """"","Sfm4_e3bd90d7","Будь готова... он что меня только что подтолкнул снова пропустить тренировку?","","","","",""
"Sfm4 """"","Sfm4_0d1804f3_6","...","","","","",""
"Sfm4 """"","Sfm4_ee1bad44","Но что же за ритуал??? Черт, он меня заинтриговал...","","","","",""
"""""","narrator_e85c88e5","Дрочильник обновлен: осталось {color=#718c3e}[counter_fap_day_last]{/color} дней.","","","","",""
