location,source,target,ID,fuzzy,context,translator_comments,developer_comments,gametemplate
,S_3c47aa41,"Никогда не думала, что сама приду к тебе, Абатур. Особенно при таких обстоятельствах и с такой просьбой...",,,,,,"S ""%%"""
,AB_ef497237,...,,,,,,"AB ""%%"""
,S_efe5c185,"У меня весьма специфическая просьба... Как сказать, я и сама против этого, но обстоятельства вынуждают.",,,,,,"S ""%%"""
,AB_ef497237_1,...,,,,,,"AB ""%%"""
,S_b2fab4a1,С этой вынужденной мерой я могу обратиться только к тебе...,,,,,,"S ""%%"""
,narrator_d5c1d497,"Девушка долго собиралась с мыслями, пытаясь придумать, как можно было бы наиболее просто объяснить ее цель визита.",,,,,,"""%%"""
,S_a067f781,Странно такое просить у тебя... но мне нужно... сделать кое-что... кое-что деликатное...,,,,,,"S ""%%"""
,S_599ec3af,"В общем, эм... ... мне нужно, чтобы ты, ха-ха...",,,,,,"S ""%%"""
,AB_2522fcaf,Цель известна. Могу приступать.,,,,,,"AB ""%%"""
,S_288003e5,"А... Да? Черт, тогда почему же ты...",,,,,,"S ""%%"""
,S_51990131,({size=-3}Мог бы сразу сказать...{/size} {size=-6}и не заставлять меня тут...{/size}),,,,,,"S ""%%"""
,narrator_4b88a9ca,"Сара отвела глаза в пол, ощущая всю неловкость ситуации.",,,,,,"""%%"""
,AB_84c15cbd,Изменения бессмысленны.,,,,,,"AB ""%%"""
,S_3359d5df,"Ха-ха, вот ведь знаешь ли, но тут я с тобой соглашусь... Значит, ты не поможешь?",,,,,,"S ""%%"""
,AB_1a3e3485,Помогу. Другого пути нет.,,,,,,"AB ""%%"""
,S_ffb30c68,"Видимо ты сегодня в настроении поговорить? Ну ладно, тогда почему тогда ты считаешь это бессмысленным?",,,,,,"S ""%%"""
,AB_00b3c887,Цель эволюции — выживание роя. Необходимая мера. Твоя мутация бесцельная.,,,,,,"AB ""%%"""
,S_2e896f35,"Зачем соглашаться на это, если это не твой профиль? Ты здесь для мутации во благо Роя. Может быть, если бы отказал, то мне не пришлось бы идти на это.",,,,,,"S ""%%"""
,AB_055a7541,"Исключено. Причины неважны. Чтобы помочь, требуется эволюция. Эволюция моя цель.",,,,,,"AB ""%%"""
,S_9b82514a,"Ты бываешь таким странным порой... Недоволен, но ничего не делаешь с этим.",,,,,,"S ""%%"""
,AB_f9a961f8,Повсюду неэффективность. Случайные мутации. Нет пользы для роя. Зерги спроектированы для боя. Индивидуальность бесполезна.,,,,,,"AB ""%%"""
,S_3a0babd2,"Я, кажется, понимаю о чем ты... Но с ними можно по-другому. В конце концов, живыми они могут быть полезнее, чем мертвыми.",,,,,,"S ""%%"""
,AB_7c57ca53,Ликвидация эффективнее. Быстрее. Позволит изучить.,,,,,,"AB ""%%"""
,S_8a28e656,"А что, в них есть что-то интересное тебе?!",,,,,,"S ""%%"""
,AB_f98a6907,Интересные мутации. Сильная эссенция. Можно использовать. Разум устранить.,,,,,,"AB ""%%"""
,S_af2fe68c,"Почему ты так настаиваешь, что он им не нужен? Просто ты постоянно говоришь это. Но не о владычице... Или ты и меня хочешь лишить...",,,,,,"S ""%%"""
,AB_406e9423,Нет. Иная цель. Вы другие. Ликвидация сознания мешает. Не нужно.,,,,,,"AB ""%%"""
,S_7ae9c31b,"Какое облегчение. Я, конечно, рада. Но что это за цель-то?",,,,,,"S ""%%"""
,AB_d63b39a9,Совершенство роя. Недостижимо. Постоянное движение. Поиск лучших форм. Требуется специализация.,,,,,,"AB ""%%"""
,S_f3ce26ea,"И просто потому, что они не вписываются в роль, их надо устранить?",,,,,,"S ""%%"""
,AB_9bb933cd,Верно. Есть иные зерги. Такие не нужны.,,,,,,"AB ""%%"""
,S_9aeaa7c1,Но мне кажется...,,,,,,"S ""%%"""
,AB_cd67430a,Общение закончено. Начинаем мутацию.,,,,,,"AB ""%%"""
,narrator_353e063d,Сара непонимающе смотрела на Абатура.,,,,,,"""%%"""
,S_98e1b156,"Как всегда. И что, ты ничего не спросишь? Неужели ты знаешь прямо все-все?",,,,,,"S ""%%"""
,AB_82e81058,Нужное известно. Этого достаточно.,,,,,,"AB ""%%"""
,S_abc6c998,"Эм... Боюсь представить, как тебе передавали описание... Но упустим это.",,,,,,"S ""%%"""
,AB_15900689,Телепатическое общение. Эффективно. Терранское общение. Не эффективно.,,,,,,"AB ""%%"""
,S_40dc3172,"Вот и закончилось его желание поговорить. *Вздох*. Ладно, ты прав. Пора приступать. Чем быстрее начнем, тем быстрее закончим.",,,,,,"S ""%%"""
,narrator_d1f5391f,"Сара почувствовала облегчение, понимая, что она может пропустить обсуждения размера груди.",,,,,,"""%%"""
,S_3d735f2e,"(Хорошо, что мне не пришлось говорить с ним об этом... Мне хватило разговоров с гидралиском.)",,,,,,"S ""%%"""
,narrator_c8c6fdca,"Сара подняла руки, ощущая, как их тут же оплетают тентакли. Девушка не ощущала стеснения перед Абатуром. Для нее было слишком сложно представить его заинтересованным в ее теле для чего-то большего, чем эксперименты.",,,,,,"""%%"""
,S_1cf7551d,Зачем это?,,,,,,"S ""%%"""
,narrator_1c03d46b,"Сара недовольно кивнула в сторону своих рук, ощущая, насколько плотно щупальца сковали ее движения.",,,,,,"""%%"""
,S_7c1afe1f,Я вроде бы не собиралась сопротивляться... Пришла же добровольно.,,,,,,"S ""%%"""
,AB_2ab41e9a,Требуется неподвижность. Рефлексы терранов опасны..,,,,,,"AB ""%%"""
,S_bb8d47a3,"Что такого ты собрался со мной делать, что я могу дернуться и помешать процессу?",,,,,,"S ""%%"""
,AB_ef497237_2,...,,,,,,"AB ""%%"""
,S_57150c69,Пф... Вам лишь бы обездвижить. Твои методы хоть когда-нибудь будут гуманнее?,,,,,,"S ""%%"""
,AB_1758464f,Не понимаю.,,,,,,"AB ""%%"""
,S_9e4fd1f9,"Ааарг... забудь, просто мог бы хоть в этот раз сделать исключение... хоть какое-то разнообразие...",,,,,,"S ""%%"""
,narrator_a191f056,"Абатур не обращал внимания на недовольное ворчание Сары. Его взгляд активно бегал из стороны в сторону. Саре показалось, что перед Абатуром была воображаемая доска, где он тщательно отсортировывал информацию.",,,,,,"""%%"""
,S_a718d7e5,...,,,,,,"S ""%%"""
,S_1b4ced81,"(Такая концентрация... Это выглядит впечатляюще... Никогда не видела такую активную мозговую деятельность. Со своей основной задачей он справляется всегда превосходно, он ведь был рожден для этого, без всяких сомнений.)",,,,,,"S ""%%"""
,S_afb5033f,"(Несмотря на всю его безэмоциональность... Понимаю, почему Владычица дорожит им, держа возле себя.)",,,,,,"S ""%%"""
,AB_3843d03d,Обнаружены совместимые штаммы.,,,,,,"AB ""%%"""
,S_aed75110,"Эй, что ты там бубнишь себе под нос?",,,,,,"S ""%%"""
,S_fef76441,"Эй-эй, ты хоть расскажи, что собрался делать... я, конечно, благодарна, что ты меня не утруждаешь всем этим... Но сейчас я все же предпочитаю хотя бы узнать.",,,,,,"S ""%%"""
,S_be98875d,"Я помню мой прошлый опыт с тобой... эти ощущения от твоих существ в своем желудке. Боюсь представить, что бы меня ждало во втором случае.",,,,,,"S ""%%"""
,AB_de58683c,Объяснения неэффективны.,,,,,,"AB ""%%"""
,S_a32ed885,"Нет уж, ты с таким серьезным лицом там стоял, что-то придумывал, я определенно должна знать, в этот раз я буду готова.",,,,,,"S ""%%"""
,S_3150f3d5,"П-просто скажи, на простом языке, что собираешься делать. Я думаю, это поможет в сдерживании наших терранских рефлексов, правда же?",,,,,,"S ""%%"""
,AB_d2550116,Согласен. Причина понятна. Объясню.,,,,,,"AB ""%%"""
,S_bba2a4b8,"Я знала, что мы сможем найти общий язык.",,,,,,"S ""%%"""
,AB_d321be18,Мутация груди.,,,,,,"AB ""%%"""
,S_9d1fa11e,Да не настолько просто! Дурак!,,,,,,"S ""%%"""
,AB_f236a8e5,"Мощный мутаген. Эффективно перестраивает клетки. Меняет нервы, распространяется.",,,,,,"AB ""%%"""
,AB_77c29106,"Нервные импульсы ускоряют мутацию. Больше импульсов, быстрее мутация. Введение в нервный центр.",,,,,,"AB ""%%"""
,AB_0b7077ba,Псионика ускоряет мутацию. Эффективно. Ускоренное изменение. Дополнительная масса. ,,,,,,"AB ""%%"""
,AB_06c9c5be,Устойчивое изменение тканей. Укрепление мышц. Стабильная мутация. Результат — увеличение груди.,,,,,,"AB ""%%"""
,AB_8077810a,"Внутреннее воздействие. Ушные паразиты, проникают внутрь. Действуют скрытно.",,,,,,"AB ""%%"""
,S_cb494f6e,В ухо?! К-как в ухо...,,,,,,"S ""%%"""
,narrator_0f049597,"Абатур не давал Саре возможности опомниться, приближаясь к ее голове.",,,,,,"""%%"""
,narrator_4c8e8226,"Девушка ощущала непреодолимое желание сбежать, услышав, как существа издают чавкающий звук прямиком возле ее головы.",,,,,,"""%%"""
,S_8ed6f783,"(Теперь понимаю, почему меня обездвижили. Это так противно...)",,,,,,"S ""%%"""
,S_2fd6916b,"К-как бы я тут ни старалась, но не смогла бы справиться с собой. Абатур мог бы придумать что-то менее противное...",,,,,,"S ""%%"""
,S_e02044d5,(Почему нельзя изменить свое решение? Ощущения отвратительные!),,,,,,"S ""%%"""
,S_7af2463f,А??? О-он уже собрался п-проникать? Так быстро?,,,,,,"S ""%%"""
,AB_b29a192b,Ожидание бессмысленно.,,,,,,"AB ""%%"""
,S_ef999f9f,"Ах! Н-нет, я чувствую его, ах, он такой х-холодный!",,,,,,"S ""%%"""
,narrator_9cff6cd5,"Девушка отчетливо слышала чавкающие звуки, находящие прямиком у ее головы. Они постепенно заглушили все остальные.",,,,,,"""%%"""
,narrator_ec853eab,Мало-помалу желание избавиться от паразита в своем ушном проходе утихало и Сара все меньше дергалась.,,,,,,"""%%"""
,S_c0a31f26,Это... Все?,,,,,,"S ""%%"""
,narrator_89dec5ef,Абатур внимательно следил за изменениями в теле. Жук действовал скрытно и долговременно.,,,,,,"""%%"""
,S_437e0bc9,"(Почему вместо шевеления в своем ухе я ощущаю возбуждение? Все существа, производимые Абатуром, имеют такой эффект?)",,,,,,"S ""%%"""
,S_e1463cd1,Абатур... я чувствую себя странно. Так должно быть?,,,,,,"S ""%%"""
,AB_21b36086,Виролиски воздействуют. Вызывают возбуждение. Ускоряет мутацию.,,,,,,"AB ""%%"""
,S_e1a49520,Вот как... п-почему я не удивлена...,,,,,,"S ""%%"""
,S_be226168,"(Ускоряет мутацию. Как же. Не удивлюсь, если Абатур скрытый извращенец на самом деле.)",,,,,,"S ""%%"""
,narrator_cf074660,"Паразит не останавливался ни на секунду, с каждым мгновением он проникал все глубже, заставляя девушку испытывать самые разные чувства.",,,,,,"""%%"""
,S_a930ab54,"(С этим можно справиться, на самом деле. Всего лишь легкое возбуждение...)",,,,,,"S ""%%"""
,S_5bdf2834,"У-у-у-у-уу!!! Ху-ху-у-у-у-у!! Н-не так глубоко, остановись!",,,,,,"S ""%%"""
,narrator_d1976910,"В сравнении с этим Сара совсем не ощущала вмешательства жука. Прямо до тех пор, пока ее тело не заполнило пронизывающее удовольствие.",,,,,,"""%%"""
,S_282d9783,"(О-он лезет еще глубже, н-нет! Если так продолжится, то... ААААХХХ!!!)",,,,,,"S ""%%"""
,S_27425222,"(Что этот жук делает? Почему мне так... Ммммм, приятно!)",,,,,,"S ""%%"""
,narrator_b9dd91c7,"Сара ощущала каждую его неровность, каждый изгиб его небольшого, но проворного тела.",,,,,,"""%%"""
,S_7c5fa1d3,"Ч-черт, я-я не должна наслаждаться этим... я не хочу наслаждаться этим...",,,,,,"S ""%%"""
,narrator_7f943d3f,"Ощущения, вызванные манипуляциями существа, напрочь перекрывали все остальные ощущения в ее теле.",,,,,,"""%%"""
,S_79128a65,{size=+6}А-а-а-а-а-а-а-а!!!{/size},,,,,,"S ""%%"""
,S_526d9e65,"Остановись, не насилуй мой мозг!!! АААА!!",,,,,,"S ""%%"""
,narrator_1e1f40af,"Сара перестала сопротивляться вовсе. Все ее мысли были сосредоточены на ощущениях, которые вызывал жук.",,,,,,"""%%"""
,S_cfc2b639,"(Я-я не должна корчить такое развратное лицо во время того, как он насилует мою голову!)",,,,,,"S ""%%"""
,S_83a9c3a3,"Ееее!!! Остановись, ты слишком большой, ты не влезешь. Не двигайся. Ах!",,,,,,"S ""%%"""
,narrator_84d9615a,"Паразит стал извиваться еще сильнее, доводя девушку до новых высот.",,,,,,"""%%"""
,S_778a831b,Но я не могу ничего поделать с собой. Это супер приятно ~♥...,,,,,,"S ""%%"""
,S_3a837928,Ах ~♥ нет-нет -нет! {size=+6}НЕ-Е-Е-Е-ЕТ!{/size} ~♥,,,,,,"S ""%%"""
,S_80596a8a,"Нет, остановись, остановись ~♥",,,,,,"S ""%%"""
,S_f09fdb9a,"{size=+6}Он пройдет, он пройдет!{/size}",,,,,,"S ""%%"""
,S_b0629f94,"Ахх... Я кончаю, я кончаю! Кончаю...",,,,,,"S ""%%"""
,S_0bebf448,Д-дааааааа! То есть н-е-е-е-е-ет! Ах...,,,,,,"S ""%%"""
,narrator_67aca608,"Благодаря проворству и слизи существу все же удалось задуманное. После нескольких финальных толчков он проскользнул внутрь, не оставляя девушку без оргазма.",,,,,,"""%%"""
,S_ce25b58d,"Х-хаа... я... я... аххх, б-была изнасилована этим паразитом... ах...",,,,,,"S ""%%"""
,AB_12d5c4b4,Проникновение успешно.,,,,,,"AB ""%%"""
,S_170993aa,О-обязательно это комментировать? Ннннгг... Мне и так не легко!,,,,,,"S ""%%"""
,narrator_42ef64d9,"Сара из всех сил держала себя в руках, ощущая, как тело предательски сводит в приливе возбуждения.",,,,,,"""%%"""
,S_bf8a0cf5,"(Ч-черт, да, я дала небольшую слабину... Но должна держать себя в руках, все это ради в-великой цели...)",,,,,,"S ""%%"""
,S_09e88418,"Ах, ч-ч-то он делает со мной...",,,,,,"S ""%%"""
,S_4a532d3b,"Я слышу. Так отчетливо... я слышу и чувствую каждое его движение в моей голове. Он играется со мной, он извращает меня, меняет, нет... аххх!",,,,,,"S ""%%"""
,S_7f304037,"Он шевелится внутри моей головы. Нет, не забавляйся с моей головой! В-все плывет перед глазами.",,,,,,"S ""%%"""
,S_3b25f13e,"Ммм... ах, хах, мнг, он проникает все глубже, обвивая мой мозг, играясь с ним...",,,,,,"S ""%%"""
,S_f033e3e1,"(Ах... нет... мое лицо! Я становлюсь глупой, только не это.)",,,,,,"S ""%%"""
,narrator_f0fcbbe8,"Паразит, помещенный внутрь Сары, принялся за работу, начал изменять ее изнутри. Он продолжал пульсировать и издавать странные звуки, которые девушка отчетливо слышала.",,,,,,"""%%"""
,S_c06394db,Хах... ха-а-ах...,,,,,,"S ""%%"""
,S_41febaf8,Почему все всегда заканчивается этим? ММММММ!!!,,,,,,"S ""%%"""
,S_2e9f4f16,(Хах... хах... Он заливает меня изнутри... расплескивает похотливую жидкость всюду. Он делает ужасные вещи с моей головой.),,,,,,"S ""%%"""
,S_ddbd9448,"Ааааааах! Прекрати играться с моей головой, только не это!",,,,,,"S ""%%"""
,S_31264ecd,"Ммм, я... Я не могу устоять!",,,,,,"S ""%%"""
,narrator_5a263b52,"Сара устала пытаться сдерживать себя и свое тело. Она стонала изо всех сил, срывая голос.",,,,,,"""%%"""
,S_b6dcb811,Моя грудь! Она сейчас разорвется!,,,,,,"S ""%%"""
,AB_1803b056,Повышенная чувствительность. Ожидаемо.,,,,,,"AB ""%%"""
,S_d9add427,"О-ожидаемо?! Кажется, ты забыл меня об этом предупредить! Я чувствую... все так остро! Это делает только хуже!!!",,,,,,"S ""%%"""
,S_7644260d,{size=+6}Оооооу!!{/size},,,,,,"S ""%%"""
,S_779c8b68,"Я-я начинаю чувствовать это, о-она меняется. Никогда раньше ничего подобного не испытывала. Можно сойти с ума от таких впечатлений!",,,,,,"S ""%%"""
,S_91c85976,А-а-а-а-арг!!!,,,,,,"S ""%%"""
,narrator_1041ce14,"Новые свойства груди подливали масла в огонь, сводя ноги в приятной судороге. От падения останавливали только тентакли, надежно удерживающие девушку.",,,,,,"""%%"""
,S_24360123,"П-прекрати, я не могу... так сильно... так горячо, тут очень жарко!",,,,,,"S ""%%"""
,S_9a6783f4,"Я горю, ах! Ммм я не могу больше сдерживаться... нет... Внутри меня так горячо! Я никогда так себя не чувствовала!",,,,,,"S ""%%"""
,S_ea94d472,"Ах... я не понимаю, это из-за паразита мое тело горит?.. ",,,,,,"S ""%%"""
,S_afb90dc1,"Хах... ах... ммм... еще один, мощнее прошлого... П-приближается... М-моя голова перестает работать, такие мощные оргазмы могут поглотить меня!",,,,,,"S ""%%"""
,S_41175d69,"(Моя грудь горит, она сейчас взорвется, ч-что это за напасть такая... почему я это испытываю?)",,,,,,"S ""%%"""
,narrator_d3428860,{size=+6}Пщщщ...{/size},,,,,,"""%%"""
,S_5170259d,{size=+6}О-о-о-о-х!!!{/size},,,,,,"S ""%%"""
,S_aed5d08a,"Я кончаю, да-да-да! Я кончаю и схожу с ума! Э-это все паразит, это его вина, не моя, МММ!!!",,,,,,"S ""%%"""
,S_270d15ea,"(Это еще приятней, чем я могла только представить! Мои груди... и моя голова... они просто взрываются от наслаждения.)",,,,,,"S ""%%"""
,narrator_cce7c8b3,"Глаза девушки закатывались от удовольствия, паразит продолжал крутиться и извиваться внутри ее головы.",,,,,,"""%%"""
,S_98217eb8,Х-ха-а-а-а-а... где я...,,,,,,"S ""%%"""
,S_1fbe5061,"О-ооох, это очень приятно... Я-я до сих пор не могу убрать эту довольную улыбку со своего лица...",,,,,,"S ""%%"""
,S_bcc0b384,"(Эти все его м-мутации... да идут они к черту... все хорошо, говорил он... х-хаа ха...)",,,,,,"S ""%%"""
,narrator_e5551bd3,"Скованное тело девушки продолжало содрогаться в волнах оргазма, без возможности предпринять какие-либо действия.",,,,,,"""%%"""
,S_9746f34f,"Ч-черт... я могу только сказать, что это самая странная штука, которую когда-либо испытывала... Но меня так просто не сломать... хах... ах...",,,,,,"S ""%%"""
,S_c13ae118,"Я через все смогу пройти... у меня получится. Они увидят, из какого теста... ММММ!!!",,,,,,"S ""%%"""
,S_af052f14,Сделана...,,,,,,"S ""%%"""
,narrator_c434f5fb,"У Сары появилось время немного прийти в себя от прошлого оргазма, что позволило ей разведать обстановку.",,,,,,"""%%"""
,S_8f821dd1,!!!,,,,,,"S ""%%"""
,narrator_14245acb,"Девушка оказалась слишком мокрой, но в непривычном для себя смысле. Сара не могла понять, что происходит с ее грудью, пока не увидела струю белой жидкости из сосков.",,,,,,"""%%"""
,S_a1de723a,Как это возможно?!,,,,,,"S ""%%"""
,AB_1775225c,Лактация. Побочный эффект.,,,,,,"AB ""%%"""
,S_0765c3da,М-молоко??? У-у меня... да быть такого не может...,,,,,,"S ""%%"""
,S_15719628,Я-я ведь не беременная... и молоко...,,,,,,"S ""%%"""
,S_dcc7ab64,(Э-это издевательство над моим телом... На которое я согласилась.),,,,,,"S ""%%"""
,S_e3a6f19b,Ха...,,,,,,"S ""%%"""
,S_31431924,Хааааа...,,,,,,"S ""%%"""
,narrator_b4e987d7,Девушка продолжала внимательно рассматривать свою новую грудь. Удивляясь происходящему.,,,,,,"""%%"""
,S_8106e53c,Так будет всегда?,,,,,,"S ""%%"""
,AB_28608e2b,Массовое введение мутагена. Введение биомассы. Ускоряет мутацию.,,,,,,"AB ""%%"""
,AB_b4512b34,Высокоэнергетические белки. Стимулируют быстрое изменение. Дают материал. Быстрое увеличение.,,,,,,"AB ""%%"""
,AB_ffd9bfa1,Укрепляет мышцы. Мутаген меняет эссенцию. Постоянное изменение.,,,,,,"AB ""%%"""
,AB_505139a3,"Деление клеток, ускоряет процесс. Сохраняет упругость. Предотвращает провисание. Позволяет сохранить формы.",,,,,,"AB ""%%"""
,AB_6ce4fd05,Жуки вводят мутаген. Прокалывают кожу...,,,,,,"AB ""%%"""
,S_12aa879e,"Стоп, прокалывают? Это что еще такое, прямо в грудь?",,,,,,"S ""%%"""
,AB_5ece3124,"Прямое воздействие. Быстро, Эффективно. Дискомфорт: не важен. Результат: лучше.",,,,,,"AB ""%%"""
,S_436cd648,В-в в смысле 'не важен'? Это прям как комарик? Даже ничего не почувствуешь? Правда ведь?,,,,,,"S ""%%"""
,AB_6bf2fa81,Определение степеней боли 'как комарик' невозможно. Недостаточно информации.,,,,,,"AB ""%%"""
,AB_524e0b04,Боль не важна. Незначительна. Быстрые уколы. Жала обезболивают. Обезболивающая жидкость.,,,,,,"AB ""%%"""
,AB_e3171e51,Боли нет. Результат: удовлетворительный.,,,,,,"AB ""%%"""
,S_28a18637,"Черт, твои формулировки вообще никогда даже близко не подходят под действительность!",,,,,,"S ""%%"""
,AB_e520c98e,Терранское общение неэффективно. Передача информации ослаблена.,,,,,,"AB ""%%"""
,S_59066139,"*Бубнит*, может жучки в желудке это не так уж и плохо...",,,,,,"S ""%%"""
,S_ff1478b2,Не нравится мне все это...,,,,,,"S ""%%"""
,narrator_0c13856f,"Абатур продолжал приготовления, не обращая внимание на муки сомнений Сары.",,,,,,"""%%"""
,S_12325b59,А???,,,,,,"S ""%%"""
,S_6d930464,"(Черт, к этому нельзя никак привыкнуть..)",,,,,,"S ""%%"""
,S_f06665e1,Они выглядят опасно... Все точно под контролем?,,,,,,"S ""%%"""
,AB_1151784a,Успех гарантирован. Волнения: бессмысленны.,,,,,,"AB ""%%"""
,narrator_b31d57fb,"Передвигаясь по коже девушки, они доставляли небольшой дискомфорт, в большей части приятный, задевая ее нежную кожу. Создания не теряли времени зря и сразу направились к нужному месту.",,,,,,"""%%"""
,S_62cd722e,"Ауч, ах, прекратите их трогать!",,,,,,"S ""%%"""
,S_709997ac,Абатур! Это твоих лап дело?! Почему мои бедные соски страдают из-за их клешней?,,,,,,"S ""%%"""
,S_cb249853,"Ах, зачем им вообще клешни???",,,,,,"S ""%%"""
,AB_c12d143a,Иное предназначение. Изменения не нужны. Оставил эссенцию. Не менял.,,,,,,"AB ""%%"""
,S_41263739,"А мне кажется... ч-что... Ммм! Необходимость была! И очень большая, ах!",,,,,,"S ""%%"""
,S_c02ba489,"Они терзают мои соски! Хотя откуда тебе знать, что у нас там очень нежная кожа, она такого не выдержит, ннг...",,,,,,"S ""%%"""
,AB_75c2a8e6,Понижает шанс падения. Грудь очень скользкая. Нужен способ удержаться.,,,,,,"AB ""%%"""
,S_a718d7e5_1,...,,,,,,"S ""%%"""
,S_4a5a8aec,Приклеил бы их на двухсторонний скотч...,,,,,,"S ""%%"""
,S_f82ffa45,И что они вообще... забыли у моих сосков?! Им остальной груди мало?,,,,,,"S ""%%"""
,AB_e9835ba4,Прямое попадание в мягкие ткани ускоряет заполнение груди.,,,,,,"AB ""%%"""
,narrator_6721e571,"Девушка сглотнула накопившуюся слюну, представляя, что ее ожидает дальше.",,,,,,"""%%"""
,S_b40f8021,"Надеюсь, это будет терпимо. Они выглядят не очень уж дружелюбно... жала выглядят весьма опасными и они будут...",,,,,,"S ""%%"""
,AB_0e2adf95,Повышает глубину прокола.,,,,,,"AB ""%%"""
,S_5fde3b29,"Хах, как эффективно. Продолжаю удивляться твоему таланту.",,,,,,"S ""%%"""
,S_4bc1430e,Сначала нужно было есть жуков... Теперь просто позволить им обколоть мою грудь...,,,,,,"S ""%%"""
,S_89e4122e,Что же будет дальше... боюсь даже представить.,,,,,,"S ""%%"""
,narrator_6f2f57ab,"Сара незаметно для себя стала меньше дышать, чтобы не тревожить лишний раз жуков, готовясь к началу манипуляции.",,,,,,"""%%"""
,S_865439af,(Я через столькое прошла... А меня до сих пор будоражит что-то подобное. Инстинкты берут верх.),,,,,,"S ""%%"""
,S_d0669f31,"(Если так подумать, то в прошлый раз я была без сознания и немногое помню из хризалиды...)",,,,,,"S ""%%"""
,narrator_93f735b4,"Сара старалась отвлечься, даже пыталась не смотреть в их сторону, чтобы не нервировать себя еще больше.",,,,,,"""%%"""
,S_a972b4f7,(Через столькое прошла... И боишься какие-то букашек. Нужно взять себя в руки!),,,,,,"S ""%%"""
,S_31e3cf36,"(Это точно не опасно для жизни, Абатур бы никогда не поставил под угрозу мою...)",,,,,,"S ""%%"""
,S_b47a28c6,Мммм! АААХ!,,,,,,"S ""%%"""
,narrator_0d25eb19,"Создания перешли непосредственно к действиями. Стали друг за другом укалывать грудь, некоторые из них были нацелены на соски. Будто поршни, они укол за уколом покрывали все большую площадь.",,,,,,"""%%"""
,S_8f821dd1_1,!!!,,,,,,"S ""%%"""
,S_3ba7bfac,Ааа? Мммм...,,,,,,"S ""%%"""
,S_97d6dc57,"Мои соски! Почему ты в них тычешь? Отстань от них, они тебе не нужны!",,,,,,"S ""%%"""
,narrator_f73a95a2,"Соски были тому не исключение. Одно создание не оставляло в покое твердые соски Сары. Ей оставалось только догадываться, было ли это нарочно или случайно.",,,,,,"""%%"""
,S_a2fafb6a,"(Ммм... немного странно, но терпимо... осталось совсем чуть-чуть, я справлюсь.)",,,,,,"S ""%%"""
,S_3172657c,А-А-А-А-ААХ!,,,,,,"S ""%%"""
,narrator_ec3d20bc,Еще один укол попал прямо в один из сосков своим жалом. Девушку прошибло током от новых ощущений.,,,,,,"""%%"""
,S_b514bd4d,Нет-нет-нет! Это слишком...,,,,,,"S ""%%"""
,S_ab8f7802,АААХ! Ммм...,,,,,,"S ""%%"""
,S_873c7354,"(А??? Что это? Почему такие странные ощущения? Я действительно почти не ощущаю уколы... Абатур же сказал, что не учитывает боль... Почему тогда я ее не ощущаю?)",,,,,,"S ""%%"""
,narrator_e650d087,"Сара могла наблюдать за процессом. Жало жуков глубоко входило в нежную кожу груди, но ощущалось совершенно иначе. Для нее это были будто приятные толчки.",,,,,,"""%%"""
,S_9d0cdc09,Ах... они... что-то впрыскивают в меня? Почему все перед глазами... Ааах! Плывет?,,,,,,"S ""%%"""
,AB_88a04198,Ожидаемая реакция. Ускоряет мутацию. Спокойствие.,,,,,,"AB ""%%"""
,S_6d0ce773,Это настоящее испытание! Мммм... Они насилуют мою грудь!,,,,,,"S ""%%"""
,narrator_ccd6acf0,"По телу проходила волна приятной теплоты, будто что-то проникало в Сару от грудей до самых пят, ощущения было сложно передать. Но они в этот момент оказались отнюдь не болезненными.",,,,,,"""%%"""
,S_a9937244,"Н-не зря я... сказала, что они опасные!",,,,,,"S ""%%"""
,narrator_6521590a,"Сара пыталась сравнить эти ощущения с теми, что она испытывала ранее. Но никто не доводил ее до такого экстаза одним взаимодействием с грудью.",,,,,,"""%%"""
,S_d2a31ab6,(Она никогда... не была такой чувствительной. Ах...),,,,,,"S ""%%"""
,S_4cc30ba0,"(Кажется, я начинаю понимать... Секунду назад ничего не замечала, а теперь эти жуки... так четко ощущаются, ах!)",,,,,,"S ""%%"""
,S_bf824563,"Ах... ох... А-абатур... н-начинается, н-не нравится мне это!",,,,,,"S ""%%"""
,S_3e9ba6de,"(Я чувствую, как каждое жало проникает через мою нежную кожу... Так глубоко, ммм!)",,,,,,"S ""%%"""
,S_f3fdbe03,ННгг!!!,,,,,,"S ""%%"""
,S_1d10795e,"Ах, т-теперь я чувствую! Они стали входить глубже!",,,,,,"S ""%%"""
,narrator_30674b22,"Сара полностью отдавалась тому, что с ней делали эти жуки. Они бесцеремонно продолжали насиловать своими жалами, раз за разом, новые места, не оставляя на девушки свободного места.",,,,,,"""%%"""
,S_0d0c8d49,(Я-я... Ах! Это непередаваемо! Почему... Это не должно быть так приятно!),,,,,,"S ""%%"""
,S_113393d0,"ММММ!!! Абатур! Ч-что они... Чем ты их наполнил, что я схожу с ума от этого?",,,,,,"S ""%%"""
,narrator_e7f89e6c,"Но ответа не было, Абатур только молча наблюдал за процессом мутации, игнорируя поток вопросов от Сары.",,,,,,"""%%"""
,S_027f0a38,"Ах... н-не топчитесь по мне... их мелкие лапки... они делают только хуже, будто... массируя мою грудь... между уколами...",,,,,,"S ""%%"""
,S_e14fbc1c,"(Ммм, их маленькие лапки тонут в моей груди...)",,,,,,"S ""%%"""
,S_46bc4bf2,Т-ты хорошо постарался... Иначе бы они не могли делать такое со мной ~♥!,,,,,,"S ""%%"""
,S_059f0726,Ах! Н-нет... Не сейчас! Н-нет...,,,,,,"S ""%%"""
,S_bb5d5362,Пусть перестанут! Я н-не хочу сейчас... ММММ!!!,,,,,,"S ""%%"""
,S_032aec40,Они жалят... слишком сильно! Только не сейчас... не в такой момент...,,,,,,"S ""%%"""
,narrator_4039dec0,"Взгляд Сары привлек свет, исходящий из брюшек жуков. Они замедлили свое движение, удобнее располагаясь на ее груди.",,,,,,"""%%"""
,S_d3a5b6bb,Абатур? Что это значит? Почему они светятся?,,,,,,"S ""%%"""
,S_27ce679b,Это! Это меня пугает!,,,,,,"S ""%%"""
,S_3a09aa7f,Ч-Что они... делают со мной?,,,,,,"S ""%%"""
,narrator_49cba766,"Жуки продолжили входить своими жалами в грудь Сары, пока их брюшки покачивались, излучая странный свет.",,,,,,"""%%"""
,S_d7ba6993,Они вливают это светящееся нечто в меня? Что со мной будет?,,,,,,"S ""%%"""
,AB_e644c48c,Мутация завершается. Наступает финал.,,,,,,"AB ""%%"""
,S_bf9aa72e,Это ни о чем мне не сказало! Лучше бы вообще не комментировал...,,,,,,"S ""%%"""
,narrator_76dc4d88,"Сара ощущала каждое жало в себе. Даже еще отчетливее, чем когда они двигались в ней.",,,,,,"""%%"""
,S_dac05508,(Через что приходится проходить ради великих целей... Сейчас прямо в мою грудь попадет что-то непонятное... Почему эта мысль меня заводит?),,,,,,"S ""%%"""
,S_4f115210,А?,,,,,,"S ""%%"""
,narrator_329b4c60,"Кожа наконец начала испытывать легкое пощипывание, больше не ощущая тиски клешней.",,,,,,"""%%"""
,S_e706c130,Все? Это закончилось?,,,,,,"S ""%%"""
,narrator_2ca723f8,"Сара наблюдала за тем, как жуки по одному уходили с нее, сделав свою работу, один за другим начали оставлять ее грудь в покое. Даже тот, который так пристрастился к сосочку Сары, оставил его в покое.",,,,,,"""%%"""
,narrator_88d4ec2b,"Теперь она могла четко увидеть следы от их жал и жидкость, которая понемногу выходила из ее груди.",,,,,,"""%%"""
,S_232ebaef,"(Я немного... расстроена? Не думала, что мне может такое понравиться. Как же будет ныть моя грудь после всего этого?)",,,,,,"S ""%%"""
,S_4f14e5b2,Фу-у-у-у-у-х... ну и дела ты мне тут устроил...,,,,,,"S ""%%"""
,S_8b719925,"Абатур, зачем так на меня пялишься? Все закончилось, можешь меня отпускать. Или боишься, что я буду слишком много двигаться и вся жидкость из меня выйдет?",,,,,,"S ""%%"""
,S_5d5a2750,"И что-то плохие у тебя методы. Моя грудь почти не увеличилась, хотя по ощущениям они в меня закачали пару литров!",,,,,,"S ""%%"""
,AB_ef497237_3,...,,,,,,"AB ""%%"""
,S_709096c4,"Эй, Абатур? Освободи меня!",,,,,,"S ""%%"""
,S_f5b87bf1,Молчит...,,,,,,"S ""%%"""
,S_8f821dd1_2,!!!,,,,,,"S ""%%"""
,S_594eb22d,Хах???,,,,,,"S ""%%"""
,narrator_ed03527f,"Сара чувствовала, как ее грудь увеличивалась и становилась тяжелее. Жидкость внутри стала ощущаться четче, позволяя почувствовать свое тепло.",,,,,,"""%%"""
,S_56d762ed,(Это... я никогда не чувствовала себя так! Что происходит с моей грудью? Почему я ощущаю все по-другому?),,,,,,"S ""%%"""
,S_ffe6b6a9,"(Я ощущаю, как моя грудь становится все тяжелее... Это по-прежнему не конец?)",,,,,,"S ""%%"""
,S_9afda325,АХ!!! Она становится такой чувствительной! Ее разорвет!,,,,,,"S ""%%"""
,S_8812d057,(Я чувствую каждую каплю этой жидкости внутри... Я чувствую все!),,,,,,"S ""%%"""
,narrator_114df82f,"Сара готова была взвыть, потому что даже ее дыхание заставляло тело подрагивать от приятных спазмов.",,,,,,"""%%"""
,S_bc29c66f,Я н-не выдержу!,,,,,,"S ""%%"""
,S_75f92953,"М-моя грудь!!! Слишком чувствительная... Ах! Я не могу дышать! Абатур, сделай что-то!",,,,,,"S ""%%"""
,S_5a2c87bb,(Она наполняет мои сиськи... до предела! Это слишком! Для меня это чересчур!),,,,,,"S ""%%"""
,S_079b6dad,Она горит изнутри! Хватит!,,,,,,"S ""%%"""
,S_2894dd0b,"Ммм, это... это невыносимо! НЕВЫНОСИМО ПРИЯТНО! А-А-А-А-Ахххх!!!",,,,,,"S ""%%"""
,narrator_1616f987,"Сара потеряла контроль над собой, забывая, что она не одна.",,,,,,"""%%"""
,AB_1803b056_1,Повышенная чувствительность. Ожидаемо.,,,,,,"AB ""%%"""
,S_5903fd93,Ах! Так ты все знал! И не сказал!!! К-когда это прекратится?,,,,,,"S ""%%"""
,S_32489920,{size=+4}ННННГГГ!!!{/size},,,,,,"S ""%%"""
,S_be9de0c3,Я-я чувствую... Как моя кожа на груди натягивается! Я чувствую все! ВСЕ!!!,,,,,,"S ""%%"""
,S_ca76c0db,Мммм!!!,,,,,,"S ""%%"""
,narrator_15831f90,"Сара готова была вырваться, но тентакли предусмотрительно сдерживали ее от необдуманных решений.",,,,,,"""%%"""
,S_d8d1ab05,Это... это мое наказание!,,,,,,"S ""%%"""
,S_c8380755,"Меня распирает! Мое тело... Оно к этому было не готово! Ах, оно немеет от удовольствия!",,,,,,"S ""%%"""
,S_d5af1d9f,ММММ!!! Абатур! Сделай что-нибудь или я... Я...,,,,,,"S ""%%"""
,S_d5b05fe0,КОНЧУ!!!,,,,,,"S ""%%"""
,S_3b502ac7,НННННГГГ!,,,,,,"S ""%%"""
,narrator_f3dde6d9,"Сара не обращала внимание на то, что происходило с ее телом. В ее голове звучал только оглушающий белый шум, а тело напряглось до предела.",,,,,,"""%%"""
,S_b233138c,Мммнн.,,,,,,"S ""%%"""
,S_d20c3ad6,Мммм...,,,,,,"S ""%%"""
,AB_262e3a7f,Интересная реакция. Следует изучить.,,,,,,"AB ""%%"""
,S_0c9cd6b4,Х-хаа... Ммм... Ммм!!!,,,,,,"S ""%%"""
,narrator_1c14df46,"Девушка смогла расслабиться, но тело все еще подрагивало, больше ничего не провоцировало ее.",,,,,,"""%%"""
,S_44b71264,(Ч-что... с моим телом?),,,,,,"S ""%%"""
,narrator_de00097d,"Сара рефлекторно пыталась дотронуться до себя, забывая, в каком положении она находится.",,,,,,"""%%"""
,S_e131ce94,Почему... грудь такая мокрая?,,,,,,"S ""%%"""
,AB_1775225c_1,Лактация. Побочный эффект.,,,,,,"AB ""%%"""
,S_289be721,Лактация?!,,,,,,"S ""%%"""
,narrator_e1030c97,"Девушка еще не успела осмотреть свои новые груди, ее взгляд стремительно направился прямиком на них.",,,,,,"""%%"""
,S_b8a8ee12,{size=+4}Ха???{/size},,,,,,"S ""%%"""
,S_77c335e7,Абатур! Что ты сделал с моим телом?!,,,,,,"S ""%%"""
,narrator_122aba72,"Сара резко отошла от недавно полученного оргазма, ошеломленная тем, что увидела.",,,,,,"""%%"""
,S_65216ea6,Д-девушки дают молоко только после беременности! А это не входило в мои планы!,,,,,,"S ""%%"""
,AB_2dd243a6,Гормональные сбои приводят к лактации. Механизмы терранов слишком хрупкие. Внеплановая мутация.,,,,,,"AB ""%%"""
,S_a718d7e5_2,...,,,,,,"S ""%%"""
,S_8106e53c_1,Так будет всегда?,,,,,,"S ""%%"""
,AB_e24f2f2c,Требуется детальное изучение.,,,,,,"AB ""%%"""
,S_8b294a01,"Вот-вот. Надеюсь, ты как следует это изучишь и что это можно как-то исправить!",,,,,,"S ""%%"""
,narrator_d3e04188,"Девушка с интересом разглядывала свою новую грудь, представляя, какой она будет на ощупь.",,,,,,"""%%"""
,AB_d93c348d,Необходимы тренировки. Позволит контролировать мутацию.,,,,,,"AB ""%%"""
,S_4655eab9,Но... я не планировала ничего подобного...,,,,,,"S ""%%"""
,narrator_b1604f1d,"Невольно сглотнула Сара, осознав все последствия ее решения.",,,,,,"""%%"""
,AB_2de492f2,Мутация успешна. Дополнительные мутации предсказуемы.,,,,,,"AB ""%%"""
,S_8a2269a9,"Предсказуемы? И вот это ты называешь 'успешной мутацией'? Боюсь представить, что у тебя там еще могло быть предсказуемым... может, третья сиська тоже предсказуема и допустимый побочный эффект?",,,,,,"S ""%%"""
,narrator_f0984780,"Сара стала осматривать свои новые груди, в голове ходили смешанные чувства. Последствие оргазма все еще не давало здраво оценить ситуацию.",,,,,,"""%%"""
,S_8f51afb4,"(Не знаю почему, но мне так хочется ее потрогать, она все же моя...)",,,,,,"S ""%%"""
,S_31647716,"(Глаза не верят, но тело говорит об обратном...)",,,,,,"S ""%%"""
,AB_144cf084,Объяснения: необходимы.,,,,,,"AB ""%%"""
,S_1ccc1740,"Что? Может, ты еще инструкцию к ним приложишь???",,,,,,"S ""%%"""
,intro_a7dd4fac,,,,,,,"intro ""%%"""
,AB_a7058f4e,На этом все. Мутация завершена. Генетика терранов изменена. Лактация теперь подконтрольна.,,,,,,"AB ""%%"""
,AB_1e1a021b,"Тело улучшено, отмечено отсутствие неэффективности.",,,,,,"AB ""%%"""
,S_8cfed578,...Спасибо за похвалу. Я старалась.,,,,,,"S ""%%"""
,AB_236d920b,Способность изменять размер груди. Требует тренировки.,,,,,,"AB ""%%"""
,S_54dffa9e,"Ну, с этим, я думаю, как-то справлюсь...",,,,,,"S ""%%"""
,AB_53c08c91,Уменьшение размера недоступно. Будет доступно позже.,,,,,,"AB ""%%"""
,S_3f929753,"Так это так работает? Ну хоть тут не подвел... Я думала, ты собирался просто увеличить ее.",,,,,,"S ""%%"""
,AB_e83542ca,Неэффективно.,,,,,,"AB ""%%"""
,S_4b2c9b41,"Да ладно? А я думала, лактация тоже неэффективна... Может, ты собрался тут бизнес молочный открыть. Ты, если что, меня хоть в свои планы посвяти.",,,,,,"S ""%%"""
,AB_1758464f_1,Не понимаю.,,,,,,"AB ""%%"""
,S_a71b65ef,Забудь. И что еще ты добавил без моего ведома?,,,,,,"S ""%%"""
,AB_6bfbeb5c,Увеличение размера повышает чувствительность.,,,,,,"AB ""%%"""
,S_9cca46a2,Хэ???,,,,,,"S ""%%"""
,S_4929fa26,"Ч-черт, а вот это опасно. Так вот почему я так сильно потерялась в последний раз... Просто не могла поверить своим чувствам...",,,,,,"S ""%%"""
,AB_ef21319f,Побочный эффект. Решено оставить.,,,,,,"AB ""%%"""
,S_8c55cc8c,"Ну да, ну да... Кто бы мог сомневаться, что это-то ты решил оставить. Как много интересных эффектов у тебя выходит, Абатур. Довольно случайно, да?",,,,,,"S ""%%"""
,S_927108f0,"Меня еще вот что что интересует. Что насчет этого паразита? Он же не будет находиться внутри меня? Может, нужно там какое-то слово сказать и он выйдет?",,,,,,"S ""%%"""
,S_8cda6413,Черт... звучит так глупо... хах...,,,,,,"S ""%%"""
,AB_68f9ee5d,Нет. Происходит распад. Тело превращается в биомассу. Питает изменения.,,,,,,"AB ""%%"""
,S_55b68c6e,"То есть мне Сай'мону передать, чтобы отменял чайную церемонию?",,,,,,"S ""%%"""
,AB_1758464f_2,Не понимаю.,,,,,,"AB ""%%"""
,S_cbbba932,"Вот если бы ты понял, тогда мне бы стоило начать переживать, а так не бери в голову.",,,,,,"S ""%%"""
,AB_f72fd04e,Обнаружил дефекты. Нежелательные. Исправил.,,,,,,"AB ""%%"""
,S_761410d3,"Эй, зная тебя, я хочу узнать, что это подразумевается под твоим 'исправлено'. А ну быстро отвечай.",,,,,,"S ""%%"""
,AB_a398dc98,Объяснения не нужны.,,,,,,"AB ""%%"""
,S_42e67ad8,Я кому сказала?! Говори!,,,,,,"S ""%%"""
